layer,reporter_code,reporter,partner_code,partner,trade_value_usd,weight_marketshare,source,weight_binary,weight_log,from,to,year
layer2_backend,AUT,Austria,BEL,Belgium,1697530.677,6.409973928928642e-4,Comtrade,1,14.344685799212892,AUT,BEL,2019
layer2_backend,AUT,Austria,CAN,Canada,1228771.496,4.639912174011713e-4,Comtrade,1,14.021526258312546,AUT,CAN,2019
layer2_backend,AUT,Austria,CHE,Switzerland,36095661.605000004,0.0031044238737924783,Comtrade,1,17.401683266638603,AUT,CHE,2019
layer2_backend,AUT,Austria,CHN,China,147462466.515,0.008722718446724882,Comtrade,1,18.809084243838917,AUT,CHN,2019
layer2_backend,AUT,Austria,CZE,Czechia,15781150.447,0.0021086849091214092,Comtrade,1,16.574326839477834,AUT,CZE,2019
layer2_backend,AUT,Austria,DEU,Germany,511570991.289,0.036826206732417925,Comtrade,1,20.05299692607905,AUT,DEU,2019
layer2_backend,AUT,Austria,FRA,France,23135849.347999997,0.002653247094769099,Comtrade,1,16.956893935558714,AUT,FRA,2019
layer2_backend,AUT,Austria,GBR,United Kingdom,17101848.416,0.0024799369384302613,Comtrade,1,16.654697168607232,AUT,GBR,2019
layer2_backend,AUT,Austria,HKG,"China, Hong Kong SAR",15300859.592,2.4436955514555705e-4,Comtrade,1,16.54341963262395,AUT,HKG,2019
layer2_backend,AUT,Austria,HUN,Hungary,69291081.499,0.005060260446676777,Comtrade,1,18.053826776212084,AUT,HUN,2019
layer2_backend,AUT,Austria,IRL,Ireland,1981852.491,1.0016732570020959e-4,Comtrade,1,14.499543071361867,AUT,IRL,2019
layer2_backend,AUT,Austria,ITA,Italy,21133798.514,0.0017470530739105107,Comtrade,1,16.86638418951813,AUT,ITA,2019
layer2_backend,AUT,Austria,JPN,Japan,1774751.467,6.701564094206859e-4,Comtrade,1,14.389171515955603,AUT,JPN,2019
layer2_backend,AUT,Austria,KOR,Rep. of Korea,7970385.041999999,1.4130831858092757e-4,Comtrade,1,15.8912434864817,AUT,KOR,2019
layer2_backend,AUT,Austria,MEX,Mexico,7382701.836,4.058542298992823e-4,Comtrade,1,15.81465036746829,AUT,MEX,2019
layer2_backend,AUT,Austria,MYS,Malaysia,302483161.496,0.010592541374786983,Comtrade,1,19.52753617271578,AUT,MYS,2019
layer2_backend,AUT,Austria,NLD,Netherlands,10800515.295,8.893576114312128e-4,Comtrade,1,16.195104496044415,AUT,NLD,2019
layer2_backend,AUT,Austria,PHL,Philippines,33040264.023,2.2236519055252404e-4,Comtrade,1,17.31323752786212,AUT,PHL,2019
layer2_backend,AUT,Austria,SGP,Singapore,41415417.533,0.0020237476256494353,Comtrade,1,17.539163797794657,AUT,SGP,2019
layer2_backend,AUT,Austria,SWE,Sweden,4894689.476,0.0012093879419255002,Comtrade,1,15.403661599261062,AUT,SWE,2019
layer2_backend,AUT,Austria,THA,Thailand,33474751.74,2.225991591085259e-4,Comtrade,1,17.326302063106464,AUT,THA,2019
layer2_backend,AUT,Austria,TWN,Chinese Taipei,1249731767,0.0017622270724729331,OECD_BTIGE,1,20.94619477963384,AUT,TWN,2019
layer2_backend,AUT,Austria,USA,USA,35698176.004999995,0.003408291544498907,Comtrade,1,17.390610181160326,AUT,USA,2019
layer2_backend,BEL,Belgium,AUT,Austria,36231261.453999996,0.0010549403051749273,Comtrade,1,17.405432907806535,BEL,AUT,2019
layer2_backend,BEL,Belgium,CAN,Canada,7861059.822000001,4.16800567755343e-5,Comtrade,1,15.877432119929527,BEL,CAN,2019
layer2_backend,BEL,Belgium,CHE,Switzerland,21155321.431,1.8468627729088143e-4,Comtrade,1,16.86740208338154,BEL,CHE,2019
layer2_backend,BEL,Belgium,CHN,China,60759538.906,0.0014034904376719034,Comtrade,1,17.92243466334586,BEL,CHN,2019
layer2_backend,BEL,Belgium,CZE,Czechia,10729457.143,1.2246069392646524e-4,Comtrade,1,16.188503614077323,BEL,CZE,2019
layer2_backend,BEL,Belgium,DEU,Germany,403334210.6010001,0.008262184320439098,Comtrade,1,19.81527608540772,BEL,DEU,2019
layer2_backend,BEL,Belgium,DNK,Denmark,24311721.114,3.1537170273233765e-4,Comtrade,1,17.006469183520025,BEL,DNK,2019
layer2_backend,BEL,Belgium,FIN,Finland,9476160.404,1.8118153501411188e-4,Comtrade,1,16.064289877041038,BEL,FIN,2019
layer2_backend,BEL,Belgium,FRA,France,94651214.352,0.0023304245880015977,Comtrade,1,18.365709276023168,BEL,FRA,2019
layer2_backend,BEL,Belgium,GBR,United Kingdom,87766589.987,0.0021288046312692797,Comtrade,1,18.29019147351549,BEL,GBR,2019
layer2_backend,BEL,Belgium,HKG,"China, Hong Kong SAR",53800877.94,8.184289731235521e-4,Comtrade,1,17.800800362173284,BEL,HKG,2019
layer2_backend,BEL,Belgium,HUN,Hungary,34718725.975,5.150177471845257e-4,Comtrade,1,17.36278978161764,BEL,HUN,2019
layer2_backend,BEL,Belgium,IND,India,4009497.812,2.370610862381742e-5,Comtrade,1,15.20417680693288,BEL,IND,2019
layer2_backend,BEL,Belgium,IRL,Ireland,6524582.5540000005,3.4935395154778816e-5,Comtrade,1,15.691087685994486,BEL,IRL,2019
layer2_backend,BEL,Belgium,ISR,Israel,24212787.623,1.5264997951461662e-4,Comtrade,1,17.002391507039352,BEL,ISR,2019
layer2_backend,BEL,Belgium,ITA,Italy,125451057.066,0.0036984781190563406,Comtrade,1,18.647426264906144,BEL,ITA,2019
layer2_backend,BEL,Belgium,JPN,Japan,36650965.731,3.283091041415877e-4,Comtrade,1,17.416950363329686,BEL,JPN,2019
layer2_backend,BEL,Belgium,KOR,Rep. of Korea,21458679.24,1.1441435143363539e-4,Comtrade,1,16.88163979467366,BEL,KOR,2019
layer2_backend,BEL,Belgium,MEX,Mexico,17330168.149,2.1338986120550074e-4,Comtrade,1,16.667959422117324,BEL,MEX,2019
layer2_backend,BEL,Belgium,MYS,Malaysia,41659300.492,2.05496948810199e-4,Comtrade,1,17.545035226781835,BEL,MYS,2019
layer2_backend,BEL,Belgium,NLD,Netherlands,72031449.595,0.0024336912001635754,Comtrade,1,18.09261339542439,BEL,NLD,2019
layer2_backend,BEL,Belgium,NOR,Norway,4558969.995,3.0682449479087646e-5,Comtrade,1,15.33260749703452,BEL,NOR,2019
layer2_backend,BEL,Belgium,PHL,Philippines,21233454.819,1.1392913112151511e-4,Comtrade,1,16.871088600413373,BEL,PHL,2019
layer2_backend,BEL,Belgium,SGP,Singapore,5337172.045,2.8169022957716292e-5,Comtrade,1,15.49020667843669,BEL,SGP,2019
layer2_backend,BEL,Belgium,SWE,Sweden,31079074.012000002,3.4381760533739827e-4,Comtrade,1,17.252045321502177,BEL,SWE,2019
layer2_backend,BEL,Belgium,THA,Thailand,23144884.44,1.4759618476910009e-4,Comtrade,1,16.957284382770105,BEL,THA,2019
layer2_backend,BEL,Belgium,USA,USA,52585622.082,0.0018772703693948165,Comtrade,1,17.77795331491047,BEL,USA,2019
layer2_backend,BEL,Belgium,VNM,Viet Nam,3139754.478,2.113094805485207e-5,Comtrade,1,14.95965548160375,BEL,VNM,2019
layer2_backend,CAN,Canada,CHN,China,20123919.459,0.0025646221304244585,Comtrade,1,16.81741973804131,CAN,CHN,2019
layer2_backend,CAN,Canada,CZE,Czechia,1456741.523,9.80405623036716e-6,Comtrade,1,14.191713352333833,CAN,CZE,2019
layer2_backend,CAN,Canada,DEU,Germany,12171176.247,2.816620533386639e-4,Comtrade,1,16.314581193810387,CAN,DEU,2019
layer2_backend,CAN,Canada,FRA,France,3323351.688,1.679697416734924e-4,Comtrade,1,15.016484677124568,CAN,FRA,2019
layer2_backend,CAN,Canada,GBR,United Kingdom,2928052.759,7.187398543438394e-5,Comtrade,1,14.889848514208998,CAN,GBR,2019
layer2_backend,CAN,Canada,HKG,"China, Hong Kong SAR",33200563.748,0.001106074562828085,Comtrade,1,17.318077444223967,CAN,HKG,2019
layer2_backend,CAN,Canada,IND,India,2052404.732,1.0373319618513193e-4,Comtrade,1,14.534523190873955,CAN,IND,2019
layer2_backend,CAN,Canada,ITA,Italy,1366674.748,6.907484549472853e-5,Comtrade,1,14.127891887862399,CAN,ITA,2019
layer2_backend,CAN,Canada,JPN,Japan,6366662.786,1.0954366024662727e-4,Comtrade,1,15.666586151887913,CAN,JPN,2019
layer2_backend,CAN,Canada,KOR,Rep. of Korea,14334778.398,1.642644459195436e-4,Comtrade,1,16.47819926813341,CAN,KOR,2019
layer2_backend,CAN,Canada,MEX,Mexico,67267537.46000001,0.004187019064156336,Comtrade,1,18.024188337389372,CAN,MEX,2019
layer2_backend,CAN,Canada,NLD,Netherlands,4620846.108999999,9.655994044185603e-5,Comtrade,1,15.346088603176502,CAN,NLD,2019
layer2_backend,CAN,Canada,PHL,Philippines,1700622.752,2.4975020975107954e-4,Comtrade,1,14.346505654671528,CAN,PHL,2019
layer2_backend,CAN,Canada,SGP,Singapore,87409945.855,5.770075834551028e-4,Comtrade,1,18.28611964255969,CAN,SGP,2019
layer2_backend,CAN,Canada,THA,Thailand,17880990.711999997,0.0016052382008653779,Comtrade,1,16.69924879104848,CAN,THA,2019
layer2_backend,CAN,Canada,TWN,Chinese Taipei,1950490838,0.002750356396545066,OECD_BTIGE,1,21.391346890155532,CAN,TWN,2019
layer2_backend,CAN,Canada,USA,USA,913302552.279,0.015423004893906191,Comtrade,1,20.63257776732098,CAN,USA,2019
layer2_backend,CHE,Switzerland,AUT,Austria,9016878.69,5.188149683127464e-4,Comtrade,1,16.014608899817894,CHE,AUT,2019
layer2_backend,CHE,Switzerland,BEL,Belgium,3658657.5270000002,1.252183862272942e-4,Comtrade,1,15.1126071155141,CHE,BEL,2019
layer2_backend,CHE,Switzerland,CAN,Canada,3962116.318,7.395060746114226e-4,Comtrade,1,15.192289116604867,CHE,CAN,2019
layer2_backend,CHE,Switzerland,CHN,China,234483796.805,0.008242539204769231,Comtrade,1,19.27289705094762,CHE,CHN,2019
layer2_backend,CHE,Switzerland,CZE,Czechia,36591540.962000005,0.019053444012419388,Comtrade,1,17.41532767773085,CHE,CZE,2019
layer2_backend,CHE,Switzerland,DEU,Germany,195734629.749,0.015983211943056897,Comtrade,1,19.092270375060536,CHE,DEU,2019
layer2_backend,CHE,Switzerland,FIN,Finland,1175738.679,7.320863394860331e-4,Comtrade,1,13.977408021542102,CHE,FIN,2019
layer2_backend,CHE,Switzerland,FRA,France,55464477.624,0.005806327210270146,Comtrade,1,17.831253349020567,CHE,FRA,2019
layer2_backend,CHE,Switzerland,GBR,United Kingdom,13410618.031,0.0022880575160808304,Comtrade,1,16.41155741608654,CHE,GBR,2019
layer2_backend,CHE,Switzerland,HKG,"China, Hong Kong SAR",54129086.07,3.8831534364385076e-4,Comtrade,1,17.806882253121977,CHE,HKG,2019
layer2_backend,CHE,Switzerland,HUN,Hungary,2979621.15,1.6323506072813145e-5,Comtrade,1,14.90730705514037,CHE,HUN,2019
layer2_backend,CHE,Switzerland,IND,India,13716616.522999998,4.3842787201899073e-4,Comtrade,1,16.43411861364247,CHE,IND,2019
layer2_backend,CHE,Switzerland,IRL,Ireland,3400378.005,3.1863499358979257e-4,Comtrade,1,15.039397455432665,CHE,IRL,2019
layer2_backend,CHE,Switzerland,ITA,Italy,21957055.751000002,0.001217843439154047,Comtrade,1,16.904599137890845,CHE,ITA,2019
layer2_backend,CHE,Switzerland,JPN,Japan,12536264.325,8.437065767709691e-5,Comtrade,1,16.34413622783869,CHE,JPN,2019
layer2_backend,CHE,Switzerland,KOR,Rep. of Korea,13458550.319,0.0011328811406043219,Comtrade,1,16.415125247785213,CHE,KOR,2019
layer2_backend,CHE,Switzerland,MYS,Malaysia,15707541.170000002,6.510168406493638e-4,Comtrade,1,16.569651547960394,CHE,MYS,2019
layer2_backend,CHE,Switzerland,NLD,Netherlands,21454287.956000004,0.0019589985956465312,Comtrade,1,16.881435134679368,CHE,NLD,2019
layer2_backend,CHE,Switzerland,PHL,Philippines,13021151.593999999,2.0950433620047401e-4,Comtrade,1,16.382085715711394,CHE,PHL,2019
layer2_backend,CHE,Switzerland,SGP,Singapore,2460039.422,1.4380314448320228e-5,Comtrade,1,14.715688339480863,CHE,SGP,2019
layer2_backend,CHE,Switzerland,SWE,Sweden,38073992.549,0.002556401015399021,Comtrade,1,17.45504202301465,CHE,SWE,2019
layer2_backend,CHE,Switzerland,THA,Thailand,38590074.644999996,0.0017326676918919084,Comtrade,1,17.468505693734734,CHE,THA,2019
layer2_backend,CHE,Switzerland,USA,USA,69718165.986,0.005300172161454869,Comtrade,1,18.059971487191877,CHE,USA,2019
layer2_backend,CHE,Switzerland,VNM,Viet Nam,81922244.95099999,4.01327477039528e-4,Comtrade,1,18.221281135273692,CHE,VNM,2019
layer2_backend,CHN,China,AUT,Austria,16093439,9.355847923431722e-4,Comtrade,1,16.593922293506843,CHN,AUT,2019
layer2_backend,CHN,China,BEL,Belgium,75134447,0.007637510912826442,Comtrade,1,18.13478970663917,CHN,BEL,2019
layer2_backend,CHN,China,CAN,Canada,56049149,0.004219006556459968,Comtrade,1,17.84173954233623,CHN,CAN,2019
layer2_backend,CHN,China,CHE,Switzerland,14405930,9.75289844835955e-4,Comtrade,1,16.483150554749006,CHN,CHE,2019
layer2_backend,CHN,China,CZE,Czechia,99685574,0.0022903356426389886,Comtrade,1,18.417531540412163,CHN,CZE,2019
layer2_backend,CHN,China,DEU,Germany,1184199908,0.08000352372642142,Comtrade,1,20.892333201216818,CHN,DEU,2019
layer2_backend,CHN,China,DNK,Denmark,8221612,0.0012493893966736454,Comtrade,1,15.92227697649249,CHN,DNK,2019
layer2_backend,CHN,China,FIN,Finland,186340704,0.002550638455256247,Comtrade,1,19.043087303386073,CHN,FIN,2019
layer2_backend,CHN,China,FRA,France,478662362,0.022292768552831965,Comtrade,1,19.98650602791684,CHN,FRA,2019
layer2_backend,CHN,China,GBR,United Kingdom,170136207,0.018017886888651788,Comtrade,1,18.952109897735724,CHN,GBR,2019
layer2_backend,CHN,China,HKG,"China, Hong Kong SAR",48148004655,1.2107963043979109,Comtrade,1,24.597545534165732,CHN,HKG,2019
layer2_backend,CHN,China,HUN,Hungary,89631124,0.0030441960742397566,Comtrade,1,18.3112131948558,CHN,HUN,2019
layer2_backend,CHN,China,IND,India,2630434151,0.08401916785385626,Comtrade,1,21.690414746318492,CHN,IND,2019
layer2_backend,CHN,China,IRL,Ireland,42217138,0.001859099944228115,Comtrade,1,17.55833683399551,CHN,IRL,2019
layer2_backend,CHN,China,ISR,Israel,22072577,0.0013918135460693145,Comtrade,1,16.909846581560668,CHN,ISR,2019
layer2_backend,CHN,China,ITA,Italy,61779579,0.011048662720855319,Comtrade,1,17.939083447114992,CHN,ITA,2019
layer2_backend,CHN,China,JPN,Japan,2326469570,0.08476176590217817,Comtrade,1,21.567617749859767,CHN,JPN,2019
layer2_backend,CHN,China,KOR,Rep. of Korea,15969843317,0.1943459705037114,Comtrade,1,23.49396798810454,CHN,KOR,2019
layer2_backend,CHN,China,MEX,Mexico,532071620,0.018002765542903518,Comtrade,1,20.092288664184508,CHN,MEX,2019
layer2_backend,CHN,China,MYS,Malaysia,6436444914,0.06899769778952673,Comtrade,1,22.585242192804706,CHN,MYS,2019
layer2_backend,CHN,China,NLD,Netherlands,541536017,0.020132813183813054,Comtrade,1,20.109920137428738,CHN,NLD,2019
layer2_backend,CHN,China,NOR,Norway,1446150,5.460745966430718e-4,Comtrade,1,14.184416102251598,CHN,NOR,2019
layer2_backend,CHN,China,PHL,Philippines,2158344273,0.027829311056216315,Comtrade,1,21.492607224885806,CHN,PHL,2019
layer2_backend,CHN,China,SGP,Singapore,4965661245,0.40974094863154265,Comtrade,1,22.325812307045975,CHN,SGP,2019
layer2_backend,CHN,China,SWE,Sweden,19882728,0.0026073681788114857,Comtrade,1,16.805362023413387,CHN,SWE,2019
layer2_backend,CHN,China,THA,Thailand,525618409,0.024499801445812056,Comtrade,1,20.080086051157483,CHN,THA,2019
layer2_backend,CHN,China,USA,USA,1909324808,0.14594545680118529,Comtrade,1,21.370015513366624,CHN,USA,2019
layer2_backend,CHN,China,VNM,Viet Nam,10378832667,0.13051699182777032,Comtrade,1,23.063034248629833,CHN,VNM,2019
layer2_backend,CHN,China (People’s Republic of),TWN,Chinese Taipei,96211974860,0.13566698972642602,OECD_BTIGE,1,25.289819665675804,CHN,TWN,2019
layer2_backend,CZE,Czechia,AUT,Austria,36961332,0.005850142222178136,Comtrade,1,17.42538287010471,CZE,AUT,2019
layer2_backend,CZE,Czechia,BEL,Belgium,16295883,3.0555448580128097e-4,Comtrade,1,16.6064231185522,CZE,BEL,2019
layer2_backend,CZE,Czechia,CHE,Switzerland,18774751,0.007807223091744628,Comtrade,1,16.748023546472638,CZE,CHE,2019
layer2_backend,CZE,Czechia,CHN,China,79533902,0.009128562054570594,Comtrade,1,18.191693941549584,CZE,CHN,2019
layer2_backend,CZE,Czechia,DEU,Germany,349094455,0.021073530642918958,Comtrade,1,19.670853091112726,CZE,DEU,2019
layer2_backend,CZE,Czechia,DNK,Denmark,4281441,2.037768921882601e-5,Comtrade,1,15.269800426702417,CZE,DNK,2019
layer2_backend,CZE,Czechia,FIN,Finland,10686672,0.0016718303593898337,Comtrade,1,16.184508009116197,CZE,FIN,2019
layer2_backend,CZE,Czechia,FRA,France,62780468,0.0033925402125416265,Comtrade,1,17.955154579882194,CZE,FRA,2019
layer2_backend,CZE,Czechia,GBR,United Kingdom,46969745,7.127824131757124e-4,Comtrade,1,17.66501425028151,CZE,GBR,2019
layer2_backend,CZE,Czechia,HKG,"China, Hong Kong SAR",49781429,3.075272028813952e-4,Comtrade,1,17.72315258088727,CZE,HKG,2019
layer2_backend,CZE,Czechia,HUN,Hungary,50492471,0.0031744309787654483,Comtrade,1,17.737334813826724,CZE,HUN,2019
layer2_backend,CZE,Czechia,IND,India,1434972,8.935007561701148e-4,Comtrade,1,14.176656591667838,CZE,IND,2019
layer2_backend,CZE,Czechia,IRL,Ireland,4021955,1.9848030878066004e-4,Comtrade,1,15.207278909423964,CZE,IRL,2019
layer2_backend,CZE,Czechia,ISR,Israel,4326767,2.566571026028497e-4,Comtrade,1,15.280331400944998,CZE,ISR,2019
layer2_backend,CZE,Czechia,ITA,Italy,42931514,0.0024615333345496433,Comtrade,1,17.575116729585055,CZE,ITA,2019
layer2_backend,CZE,Czechia,JPN,Japan,10541812,9.137623651412168e-4,Comtrade,1,16.170860097670428,CZE,JPN,2019
layer2_backend,CZE,Czechia,KOR,Rep. of Korea,13355271,1.9218310586138228e-4,Comtrade,1,16.407421771222577,CZE,KOR,2019
layer2_backend,CZE,Czechia,MEX,Mexico,4007368,2.2673968060343833e-5,Comtrade,1,15.203645474222887,CZE,MEX,2019
layer2_backend,CZE,Czechia,MYS,Malaysia,29477935,1.9839026191821414e-4,Comtrade,1,17.199152609265823,CZE,MYS,2019
layer2_backend,CZE,Czechia,NLD,Netherlands,145772786,0.0030848333990544977,Comtrade,1,18.79755971402775,CZE,NLD,2019
layer2_backend,CZE,Czechia,NOR,Norway,7769588,3.6979664001517235e-5,Comtrade,1,15.865727825191906,CZE,NOR,2019
layer2_backend,CZE,Czechia,PHL,Philippines,34656641,2.3324361374687605e-4,Comtrade,1,17.360999953542017,CZE,PHL,2019
layer2_backend,CZE,Czechia,SGP,Singapore,19483333,2.1954621564484816e-4,Comtrade,1,16.78506999143152,CZE,SGP,2019
layer2_backend,CZE,Czechia,SWE,Sweden,19693353,0.004800889080381924,Comtrade,1,16.7957917763833,CZE,SWE,2019
layer2_backend,CZE,Czechia,USA,USA,45653160,0.003989385108035143,Comtrade,1,17.636583406857707,CZE,USA,2019
layer2_backend,DEU,Germany,AUT,Austria,639528113.588,0.039917313591885974,Comtrade,1,20.27624114140696,DEU,AUT,2019
layer2_backend,DEU,Germany,BEL,Belgium,605644180.932,0.021857772827919855,Comtrade,1,20.22180321306046,DEU,BEL,2019
layer2_backend,DEU,Germany,CAN,Canada,56656000.892000005,9.287698673458014e-4,Comtrade,1,17.852508486728343,DEU,CAN,2019
layer2_backend,DEU,Germany,CHE,Switzerland,334685159.032,0.021899372056785712,Comtrade,1,19.628700827080873,DEU,CHE,2019
layer2_backend,DEU,Germany,CHN,China,2497481289.9249997,0.1236819422704007,Comtrade,1,21.638548577337804,DEU,CHN,2019
layer2_backend,DEU,Germany,CZE,Czechia,634561521.0710001,0.031420061918886265,Comtrade,1,20.268444801917074,DEU,CZE,2019
layer2_backend,DEU,Germany,DNK,Denmark,142211642.254,0.006124470774414426,Comtrade,1,18.772826951404824,DEU,DNK,2019
layer2_backend,DEU,Germany,FIN,Finland,98457317.532,0.009611339044692439,Comtrade,1,18.40513369783857,DEU,FIN,2019
layer2_backend,DEU,Germany,FRA,France,1028413819.808,0.0348004133233734,Comtrade,1,20.75128347240223,DEU,FRA,2019
layer2_backend,DEU,Germany,GBR,United Kingdom,573767501.758,0.032327649323774604,Comtrade,1,20.16773482477003,DEU,GBR,2019
layer2_backend,DEU,Germany,HKG,"China, Hong Kong SAR",462553097.90699995,0.021501719418599557,Comtrade,1,19.952271916774336,DEU,HKG,2019
layer2_backend,DEU,Germany,HUN,Hungary,1701314756.4400003,0.06630236510532878,Comtrade,1,21.254667175828583,DEU,HUN,2019
layer2_backend,DEU,Germany,IND,India,82415817.18900001,0.006701833893324973,Comtrade,1,18.227287944769248,DEU,IND,2019
layer2_backend,DEU,Germany,IRL,Ireland,135912151.468,0.00636826985836026,Comtrade,1,18.727519297257373,DEU,IRL,2019
layer2_backend,DEU,Germany,ISR,Israel,140007750.019,0.0072770988925259265,Comtrade,1,18.757208343462455,DEU,ISR,2019
layer2_backend,DEU,Germany,ITA,Italy,543549409.347,0.03153258538781025,Comtrade,1,20.113631171795372,DEU,ITA,2019
layer2_backend,DEU,Germany,JPN,Japan,178608407.56599998,0.006736019970815029,Comtrade,1,19.000706305735154,DEU,JPN,2019
layer2_backend,DEU,Germany,KOR,Rep. of Korea,246766076.50300002,0.006994580892297117,Comtrade,1,19.323951391208933,DEU,KOR,2019
layer2_backend,DEU,Germany,MEX,Mexico,244849647.74400002,0.0062352177749427674,Comtrade,1,19.3161549015353,DEU,MEX,2019
layer2_backend,DEU,Germany,MYS,Malaysia,1300742958.547,0.029888873610711394,Comtrade,1,20.98620144550962,DEU,MYS,2019
layer2_backend,DEU,Germany,NLD,Netherlands,1957014427.673,0.04712905801554019,Comtrade,1,21.394685898186008,DEU,NLD,2019
layer2_backend,DEU,Germany,NOR,Norway,24788940.665,0.0017395723116717286,Comtrade,1,17.025908211087135,DEU,NOR,2019
layer2_backend,DEU,Germany,PHL,Philippines,330698066.959,0.011805832879603826,Comtrade,1,19.616716335657966,DEU,PHL,2019
layer2_backend,DEU,Germany,SGP,Singapore,431011572.799,0.019751337885936568,Comtrade,1,19.881645501069425,DEU,SGP,2019
layer2_backend,DEU,Germany,SWE,Sweden,171298999.993,0.007450848733955475,Comtrade,1,18.958921131362573,DEU,SWE,2019
layer2_backend,DEU,Germany,THA,Thailand,214174485.12900004,0.004357339397997943,Comtrade,1,19.182301596507198,DEU,THA,2019
layer2_backend,DEU,Germany,TWN,Chinese Taipei,13547134358,0.01910260069439031,OECD_BTIGE,1,23.32944087548505,DEU,TWN,2019
layer2_backend,DEU,Germany,USA,USA,732246938.1719999,0.0506415635085541,Comtrade,1,20.41162836363197,DEU,USA,2019
layer2_backend,DEU,Germany,VNM,Viet Nam,15869099.282000002,1.6556359405653273e-4,Comtrade,1,16.579884397889813,DEU,VNM,2019
layer2_backend,DNK,Denmark,AUT,Austria,5159080.837,2.4554851030572835e-5,Comtrade,1,15.45626918305891,DNK,AUT,2019
layer2_backend,DNK,Denmark,CHN,China,9717732.607,8.674160881204905e-4,Comtrade,1,16.089462981244623,DNK,CHN,2019
layer2_backend,DNK,Denmark,DEU,Germany,14478930.297,4.095366554138309e-4,Comtrade,1,16.488205136742287,DNK,DEU,2019
layer2_backend,DNK,Denmark,FIN,Finland,2813775.4050000003,2.0695402747830194e-4,Comtrade,1,14.850038055432703,DNK,FIN,2019
layer2_backend,DNK,Denmark,FRA,France,53065739.658,7.799576960408123e-4,Comtrade,1,17.787042092642135,DNK,FRA,2019
layer2_backend,DNK,Denmark,GBR,United Kingdom,8585554.993999999,2.2816391357024897e-4,Comtrade,1,15.96559181364123,DNK,GBR,2019
layer2_backend,DNK,Denmark,HUN,Hungary,20727355.352,4.620362588560531e-4,Comtrade,1,16.846964948638522,DNK,HUN,2019
layer2_backend,DNK,Denmark,IRL,Ireland,3127051.668,5.142430934502076e-4,Comtrade,1,14.955601479278629,DNK,IRL,2019
layer2_backend,DNK,Denmark,MEX,Mexico,27438354.687,1.8466362630078356e-4,Comtrade,1,17.1274524350833,DNK,MEX,2019
layer2_backend,DNK,Denmark,NLD,Netherlands,3502685.739,1.6628736547295828e-4,Comtrade,1,15.069040871689259,DNK,NLD,2019
layer2_backend,DNK,Denmark,NOR,Norway,9707100.238999998,5.975216272238523e-4,Comtrade,1,16.088368262123854,DNK,NOR,2019
layer2_backend,DNK,Denmark,SWE,Sweden,12305048.408000002,0.0010739835825966228,Comtrade,1,16.325520257077574,DNK,SWE,2019
layer2_backend,DNK,Denmark,THA,Thailand,5087885.264,1.1481569212083409e-4,Comtrade,1,15.442373029978661,DNK,THA,2019
layer2_backend,DNK,Denmark,TWN,Chinese Taipei,419832289,5.91998895371026e-4,OECD_BTIGE,1,19.855365879972602,DNK,TWN,2019
layer2_backend,DNK,Denmark,USA,USA,24100439.014,0.0027162167203428687,Comtrade,1,16.997740656136536,DNK,USA,2019
layer2_backend,FIN,Finland,BEL,Belgium,4903209.909,0.0018514803950582495,Comtrade,1,15.405400836024736,FIN,BEL,2019
layer2_backend,FIN,Finland,CHN,China,133637958.35000001,0.0024837533810652375,Comtrade,1,18.71064490558168,FIN,CHN,2019
layer2_backend,FIN,Finland,DEU,Germany,3254668.815,7.844424697564069e-4,Comtrade,1,14.995601389155373,FIN,DEU,2019
layer2_backend,FIN,Finland,DNK,Denmark,3584281.637,0.0013534454580644774,Comtrade,1,15.0920689107377,FIN,DNK,2019
layer2_backend,FIN,Finland,FRA,France,1869689.663,7.060056208349381e-4,Comtrade,1,14.441283554291616,FIN,FRA,2019
layer2_backend,FIN,Finland,GBR,United Kingdom,1011804.167,3.820631002152642e-4,Comtrade,1,13.827246587567396,FIN,GBR,2019
layer2_backend,FIN,Finland,HKG,"China, Hong Kong SAR",2031121.367,9.667203164178381e-6,Comtrade,1,14.524099088378309,FIN,HKG,2019
layer2_backend,FIN,Finland,HUN,Hungary,32004718.461,1.629432788222163e-4,Comtrade,1,17.281393933045678,FIN,HUN,2019
layer2_backend,FIN,Finland,IND,India,35565893.319000006,1.875656191741816e-4,Comtrade,1,17.386897711876053,FIN,IND,2019
layer2_backend,FIN,Finland,IRL,Ireland,1124307.095,5.35118446533097e-6,Comtrade,1,13.932678377747509,FIN,IRL,2019
layer2_backend,FIN,Finland,JPN,Japan,1021815.201,6.6641574642493245e-6,Comtrade,1,13.837092191106438,FIN,JPN,2019
layer2_backend,FIN,Finland,MEX,Mexico,46274299.36,0.0014181197811046846,Comtrade,1,17.650097297130717,FIN,MEX,2019
layer2_backend,FIN,Finland,MYS,Malaysia,6255454.177,0.002362095644659609,Comtrade,1,15.64896446933945,FIN,MYS,2019
layer2_backend,FIN,Finland,NLD,Netherlands,5458731.049000001,4.83699033007317e-4,Comtrade,1,15.512727095294705,FIN,NLD,2019
layer2_backend,FIN,Finland,NOR,Norway,2671946.237,0.0010089423390531747,Comtrade,1,14.79831806681197,FIN,NOR,2019
layer2_backend,FIN,Finland,SGP,Singapore,8123065.719,0.003067316554996431,Comtrade,1,15.910218315590397,FIN,SGP,2019
layer2_backend,FIN,Finland,SWE,Sweden,16063621.81,0.006065716419819936,Comtrade,1,16.592067820744735,FIN,SWE,2019
layer2_backend,FIN,Finland,THA,Thailand,1067780.19,5.082142406222342e-6,Comtrade,1,13.881093399234702,FIN,THA,2019
layer2_backend,FIN,Finland,TWN,Chinese Taipei,435575671,6.141983902588623e-4,OECD_BTIGE,1,19.89217909806032,FIN,TWN,2019
layer2_backend,FIN,Finland,USA,USA,1015955.93,5.1348719947376425e-5,Comtrade,1,13.831341514489726,FIN,USA,2019
layer2_backend,FRA,France,AUT,Austria,45349142.497999996,9.3516697916762e-4,Comtrade,1,17.629901847864158,FRA,AUT,2019
layer2_backend,FRA,France,BEL,Belgium,993637549.326,0.015991272327996905,Comtrade,1,20.716883060625435,FRA,BEL,2019
layer2_backend,FRA,France,CAN,Canada,18442045.471,0.0010702627200458556,Comtrade,1,16.730143749924054,FRA,CAN,2019
layer2_backend,FRA,France,CHE,Switzerland,37016315.754,0.005268640480284219,Comtrade,1,17.42686936675086,FRA,CHE,2019
layer2_backend,FRA,France,CHN,China,165562545.482,0.018814900342938656,Comtrade,1,18.924859605748505,FRA,CHN,2019
layer2_backend,FRA,France,CZE,Czechia,170988161.79099998,0.006845002672056939,Comtrade,1,18.957104888626436,FRA,CZE,2019
layer2_backend,FRA,France,DEU,Germany,2550558438.9059997,0.048160987376672376,Comtrade,1,21.659578168182183,FRA,DEU,2019
layer2_backend,FRA,France,DNK,Denmark,6331973.8,9.131879081952012e-4,Comtrade,1,15.661122720189903,FRA,DNK,2019
layer2_backend,FRA,France,FIN,Finland,22597796.615999997,8.430610870884071e-4,Comtrade,1,16.933363008874426,FRA,FIN,2019
layer2_backend,FRA,France,GBR,United Kingdom,159335505.543,0.019327464029922168,Comtrade,1,18.88652264108582,FRA,GBR,2019
layer2_backend,FRA,France,HKG,"China, Hong Kong SAR",159363679.883,0.01960311623982423,Comtrade,1,18.8866994494442,FRA,HKG,2019
layer2_backend,FRA,France,HUN,Hungary,298043396.297,0.006468503408718856,Comtrade,1,19.512749662380298,FRA,HUN,2019
layer2_backend,FRA,France,IND,India,31842544.287,0.004579414640637035,Comtrade,1,17.276313855663773,FRA,IND,2019
layer2_backend,FRA,France,IRL,Ireland,34112891.904,0.001989855317507024,Comtrade,1,17.345185961821738,FRA,IRL,2019
layer2_backend,FRA,France,ISR,Israel,11189912.514,0.0019679110832662404,Comtrade,1,16.23052335139318,FRA,ISR,2019
layer2_backend,FRA,France,ITA,Italy,335459716.261,0.013089417210691151,Comtrade,1,19.631012439390844,FRA,ITA,2019
layer2_backend,FRA,France,JPN,Japan,59302610.34200001,0.00227351023061857,Comtrade,1,17.898163899119808,FRA,JPN,2019
layer2_backend,FRA,France,KOR,Rep. of Korea,252800331.91799995,0.0024450547379421465,Comtrade,1,19.34811053715858,FRA,KOR,2019
layer2_backend,FRA,France,MEX,Mexico,68563372.066,3.8262930049734494e-4,Comtrade,1,18.043269029789204,FRA,MEX,2019
layer2_backend,FRA,France,MYS,Malaysia,121480494.82799998,0.0012339047957289503,Comtrade,1,18.615264279694244,FRA,MYS,2019
layer2_backend,FRA,France,NLD,Netherlands,697958387.123,0.01976168329839421,Comtrade,1,20.36367004307992,FRA,NLD,2019
layer2_backend,FRA,France,NOR,Norway,2504868.439,9.458527970617749e-4,Comtrade,1,14.733747170983118,FRA,NOR,2019
layer2_backend,FRA,France,PHL,Philippines,43253238.660000004,0.00479417384182418,Comtrade,1,17.582582693970416,FRA,PHL,2019
layer2_backend,FRA,France,SGP,Singapore,421183546.123,0.010219314779860733,Comtrade,1,19.858579275549953,FRA,SGP,2019
layer2_backend,FRA,France,SWE,Sweden,44249284.023,0.005143219144963596,Comtrade,1,17.60534977161536,FRA,SWE,2019
layer2_backend,FRA,France,THA,Thailand,15743265.147999998,8.524629351898736e-5,Comtrade,1,16.571923285653266,FRA,THA,2019
layer2_backend,FRA,France,TWN,Chinese Taipei,3923116454,0.005531924694767573,OECD_BTIGE,1,22.090152188923135,FRA,TWN,2019
layer2_backend,FRA,France,USA,USA,476909309.43499994,0.013198271410913905,Comtrade,1,19.982836905902378,FRA,USA,2019
layer2_backend,FRA,France,VNM,Viet Nam,6304258.506,4.242846373755385e-5,Comtrade,1,15.656736074964464,FRA,VNM,2019
layer2_backend,GBR,United Kingdom,AUT,Austria,16842459.481,2.8385216782444175e-4,Comtrade,1,16.639413665428567,GBR,AUT,2019
layer2_backend,GBR,United Kingdom,BEL,Belgium,30943520.845999997,0.0032617005189971857,Comtrade,1,17.24767422487947,GBR,BEL,2019
layer2_backend,GBR,United Kingdom,CAN,Canada,15944097.963,1.5416887624623344e-4,Comtrade,1,16.584599347767195,GBR,CAN,2019
layer2_backend,GBR,United Kingdom,CHE,Switzerland,26383631.818,0.0067305292114368635,Comtrade,1,17.088254406841134,GBR,CHE,2019
layer2_backend,GBR,United Kingdom,CHN,China,98553339.219,0.00916597269454295,Comtrade,1,18.406108484636523,GBR,CHN,2019
layer2_backend,GBR,United Kingdom,CZE,Czechia,63269219.84,0.003201843780535239,Comtrade,1,17.962909526206083,GBR,CZE,2019
layer2_backend,GBR,United Kingdom,DEU,Germany,286088874.264,0.013539515048290766,Comtrade,1,19.471813073181846,GBR,DEU,2019
layer2_backend,GBR,United Kingdom,DNK,Denmark,17129839.075,3.436765129977417e-4,Comtrade,1,16.656332534296418,GBR,DNK,2019
layer2_backend,GBR,United Kingdom,FIN,Finland,6819330.054,2.0581189118601954e-4,Comtrade,1,15.735271939085152,GBR,FIN,2019
layer2_backend,GBR,United Kingdom,FRA,France,152185703.36199996,0.010740846938271082,Comtrade,1,18.840612072318187,GBR,FRA,2019
layer2_backend,GBR,United Kingdom,HKG,"China, Hong Kong SAR",89633063.38,0.005650294886102533,Comtrade,1,18.311234831971465,GBR,HKG,2019
layer2_backend,GBR,United Kingdom,HUN,Hungary,38040843.385,0.001085353889006703,Comtrade,1,17.45417099268743,GBR,HUN,2019
layer2_backend,GBR,United Kingdom,IND,India,16189187.04,0.003011875447684524,Comtrade,1,16.59985417245052,GBR,IND,2019
layer2_backend,GBR,United Kingdom,IRL,Ireland,52723342.19099999,0.00377407874955355,Comtrade,1,17.78056886024126,GBR,IRL,2019
layer2_backend,GBR,United Kingdom,ISR,Israel,13047933.9,6.290425021364488e-4,Comtrade,1,16.384140434000155,GBR,ISR,2019
layer2_backend,GBR,United Kingdom,ITA,Italy,78526011.66900001,0.0038308465206578273,Comtrade,1,18.17894049944082,GBR,ITA,2019
layer2_backend,GBR,United Kingdom,JPN,Japan,68762317.628,0.0015502539226446856,Comtrade,1,18.046166458503766,GBR,JPN,2019
layer2_backend,GBR,United Kingdom,KOR,Rep. of Korea,39508422.501,0.0023177334090359837,Comtrade,1,17.492024460325993,GBR,KOR,2019
layer2_backend,GBR,United Kingdom,MEX,Mexico,15736741.227,7.489964758147846e-5,Comtrade,1,16.571508805389115,GBR,MEX,2019
layer2_backend,GBR,United Kingdom,MYS,Malaysia,81527293.456,0.001002839452791407,Comtrade,1,18.21644842344478,GBR,MYS,2019
layer2_backend,GBR,United Kingdom,NLD,Netherlands,59950372.844,0.004545156658086988,Comtrade,1,17.909027675348295,GBR,NLD,2019
layer2_backend,GBR,United Kingdom,NOR,Norway,4622861.831,8.82713113243229e-5,Comtrade,1,15.346524731537308,GBR,NOR,2019
layer2_backend,GBR,United Kingdom,PHL,Philippines,105290035.90599999,0.005296609320647636,Comtrade,1,18.4722293563505,GBR,PHL,2019
layer2_backend,GBR,United Kingdom,SGP,Singapore,66400949.21700001,0.002839218440038251,Comtrade,1,18.011221924841255,GBR,SGP,2019
layer2_backend,GBR,United Kingdom,SWE,Sweden,21219633.249,0.0016234507003918758,Comtrade,1,16.87043745485642,GBR,SWE,2019
layer2_backend,GBR,United Kingdom,THA,Thailand,250063909.033,0.003189245711450549,Comtrade,1,19.33722708328815,GBR,THA,2019
layer2_backend,GBR,United Kingdom,USA,USA,282650531.302,0.023450323652676935,Comtrade,1,19.45972182433871,GBR,USA,2019
layer2_backend,GBR,United Kingdom,VNM,Viet Nam,13388512.211000001,4.898374408081733e-4,Comtrade,1,16.409907674235644,GBR,VNM,2019
layer2_backend,HKG,"China, Hong Kong SAR",AUT,Austria,44398272.074,4.791945059715487e-4,Comtrade,1,17.608711131916305,HKG,AUT,2019
layer2_backend,HKG,"China, Hong Kong SAR",BEL,Belgium,30796677.433000002,0.0017072144987226054,Comtrade,1,17.242917399043904,HKG,BEL,2019
layer2_backend,HKG,"China, Hong Kong SAR",CAN,Canada,73006391.824,0.0018984117141337138,Comtrade,1,18.106057568209888,HKG,CAN,2019
layer2_backend,HKG,"China, Hong Kong SAR",CHE,Switzerland,42111979.294,0.0019300815809066613,Comtrade,1,17.555842825724387,HKG,CHE,2019
layer2_backend,HKG,"China, Hong Kong SAR",CHN,China,127266165386.551,2.3205077337662,Comtrade,1,25.569546520753008,HKG,CHN,2019
layer2_backend,HKG,"China, Hong Kong SAR",CZE,Czechia,106842723.618,0.003634810632191071,Comtrade,1,18.486868447734107,HKG,CZE,2019
layer2_backend,HKG,"China, Hong Kong SAR",DEU,Germany,589338932.5239999,0.03302277002111605,Comtrade,1,20.194512015034576,HKG,DEU,2019
layer2_backend,HKG,"China, Hong Kong SAR",FIN,Finland,12956973.636,2.4921409699163124e-4,Comtrade,1,16.37714478305713,HKG,FIN,2019
layer2_backend,HKG,"China, Hong Kong SAR",FRA,France,243557931.24,0.008919109751957793,Comtrade,1,19.31086538693302,HKG,FRA,2019
layer2_backend,HKG,"China, Hong Kong SAR",GBR,United Kingdom,92845606.865,0.004636445683766516,Comtrade,1,18.34644854109002,HKG,GBR,2019
layer2_backend,HKG,"China, Hong Kong SAR",HUN,Hungary,169093117.43700004,0.004372442547731687,Comtrade,1,18.94596011781306,HKG,HUN,2019
layer2_backend,HKG,"China, Hong Kong SAR",IND,India,2788364700.097,0.07089889859486531,Comtrade,1,21.748721132300076,HKG,IND,2019
layer2_backend,HKG,"China, Hong Kong SAR",IRL,Ireland,15358435.213,0.0021654261111876956,Comtrade,1,16.54717547145143,HKG,IRL,2019
layer2_backend,HKG,"China, Hong Kong SAR",ISR,Israel,30537183.071000002,8.7280677529357e-4,Comtrade,1,17.234455648886758,HKG,ISR,2019
layer2_backend,HKG,"China, Hong Kong SAR",ITA,Italy,32474802.509,0.0014192945791382766,Comtrade,1,17.295975069971455,HKG,ITA,2019
layer2_backend,HKG,"China, Hong Kong SAR",JPN,Japan,770783629.404,0.032242459097670484,Comtrade,1,20.462918257127964,HKG,JPN,2019
layer2_backend,HKG,"China, Hong Kong SAR",KOR,Rep. of Korea,2303466683.2620006,0.0473642326926029,Comtrade,1,21.557681079141233,HKG,KOR,2019
layer2_backend,HKG,"China, Hong Kong SAR",MEX,Mexico,296576120.844,0.01259280360863709,Comtrade,1,19.507814478169717,HKG,MEX,2019
layer2_backend,HKG,"China, Hong Kong SAR",MYS,Malaysia,708347847.1719999,0.017030071454163687,Comtrade,1,20.378445841981673,HKG,MYS,2019
layer2_backend,HKG,"China, Hong Kong SAR",NLD,Netherlands,776401020.715,0.015698196412644916,Comtrade,1,20.470179725222973,HKG,NLD,2019
layer2_backend,HKG,"China, Hong Kong SAR",PHL,Philippines,399475783.01199996,0.012517660586944781,Comtrade,1,19.80566370559372,HKG,PHL,2019
layer2_backend,HKG,"China, Hong Kong SAR",SGP,Singapore,2139254223.3490002,0.04856083248749802,Comtrade,1,21.483723111947413,HKG,SGP,2019
layer2_backend,HKG,"China, Hong Kong SAR",SWE,Sweden,20671573.514,3.4911943921934856e-4,Comtrade,1,16.84427010263205,HKG,SWE,2019
layer2_backend,HKG,"China, Hong Kong SAR",THA,Thailand,606433723.7820001,0.019477853677961243,Comtrade,1,20.223106005492035,HKG,THA,2019
layer2_backend,HKG,"China, Hong Kong SAR",USA,USA,2217365677.4789996,0.08023433072109502,Comtrade,1,21.519585696910436,HKG,USA,2019
layer2_backend,HKG,"China, Hong Kong SAR",VNM,Viet Nam,1774577819.092,0.048175433006148245,Comtrade,1,21.296828383748014,HKG,VNM,2019
layer2_backend,HUN,Hungary,AUT,Austria,16154245,5.34159001942016e-4,Comtrade,1,16.597693483294822,HUN,AUT,2019
layer2_backend,HUN,Hungary,BEL,Belgium,1107297,5.596530506157887e-5,Comtrade,1,13.917433371489318,HUN,BEL,2019
layer2_backend,HUN,Hungary,CAN,Canada,14610522,3.147402333247057e-4,Comtrade,1,16.497252580485213,HUN,CAN,2019
layer2_backend,HUN,Hungary,CHE,Switzerland,3344594,1.1532361362732377e-4,Comtrade,1,15.022856167980963,HUN,CHE,2019
layer2_backend,HUN,Hungary,CHN,China,94752763,0.001213118924427653,Comtrade,1,18.366781573005287,HUN,CHN,2019
layer2_backend,HUN,Hungary,CZE,Czechia,11495936,1.4364587465648062e-4,Comtrade,1,16.257504226558968,HUN,CZE,2019
layer2_backend,HUN,Hungary,DEU,Germany,410568664,0.04827684790906686,Comtrade,1,19.833053744488396,HUN,DEU,2019
layer2_backend,HUN,Hungary,DNK,Denmark,3978738,1.1100205140240893e-4,Comtrade,1,15.196475492887217,HUN,DNK,2019
layer2_backend,HUN,Hungary,FRA,France,23691685,9.929063758414396e-4,Comtrade,1,16.98063474287229,HUN,FRA,2019
layer2_backend,HUN,Hungary,GBR,United Kingdom,22910335,0.0011031832984044515,Comtrade,1,16.94709872040681,HUN,GBR,2019
layer2_backend,HUN,Hungary,HKG,"China, Hong Kong SAR",60189566,0.0031230621733545345,Comtrade,1,17.91300958961205,HUN,HKG,2019
layer2_backend,HUN,Hungary,IND,India,3489988,1.7639191931455563e-4,Comtrade,1,15.065409142311179,HUN,IND,2019
layer2_backend,HUN,Hungary,ISR,Israel,1069454,5.405263389978097e-5,Comtrade,1,13.882659730883063,HUN,ISR,2019
layer2_backend,HUN,Hungary,ITA,Italy,15753145,7.30766865920532e-4,Comtrade,1,16.57255064932108,HUN,ITA,2019
layer2_backend,HUN,Hungary,JPN,Japan,20131997,0.0010237335852766637,Comtrade,1,16.817821047534057,HUN,JPN,2019
layer2_backend,HUN,Hungary,KOR,Rep. of Korea,8239087,4.988578735874141e-4,Comtrade,1,15.924400216148564,HUN,KOR,2019
layer2_backend,HUN,Hungary,MEX,Mexico,101613067,9.845504471966981e-4,Comtrade,1,18.436682706884792,HUN,MEX,2019
layer2_backend,HUN,Hungary,MYS,Malaysia,1735581,8.772020526026903e-5,Comtrade,1,14.366853361799315,HUN,MYS,2019
layer2_backend,HUN,Hungary,NLD,Netherlands,10857275,4.2979126997266635e-4,Comtrade,1,16.200346012277993,HUN,NLD,2019
layer2_backend,HUN,Hungary,SGP,Singapore,15236085,0.0030717442585501487,Comtrade,1,16.539177251090823,HUN,SGP,2019
layer2_backend,HUN,Hungary,THA,Thailand,2687364,1.3582547958813655e-4,Comtrade,1,14.804071717598218,HUN,THA,2019
layer2_backend,HUN,Hungary,USA,USA,86922305,0.003914164766442624,Comtrade,1,18.280525243143245,HUN,USA,2019
layer2_backend,HUN,Hungary,VNM,Viet Nam,1035038,5.2313171100731306e-5,Comtrade,1,13.84994966513111,HUN,VNM,2019
layer2_backend,IND,India,AUT,Austria,3093835.194,0.003934498945438646,Comtrade,1,14.944922365597904,IND,AUT,2019
layer2_backend,IND,India,CHN,China,11490385.07,4.7209110290675604e-4,Comtrade,1,16.257021249782646,IND,CHN,2019
layer2_backend,IND,India,DEU,Germany,20579053.822,0.019322842916372193,Comtrade,1,16.839784360298978,IND,DEU,2019
layer2_backend,IND,India,FRA,France,1591218.958,6.008534734713958e-4,Comtrade,1,14.280011549178283,IND,FRA,2019
layer2_backend,IND,India,GBR,United Kingdom,29787941.278,0.0015055502008762488,Comtrade,1,17.209614248050624,IND,GBR,2019
layer2_backend,IND,India,HKG,"China, Hong Kong SAR",63516530.723000005,0.0014173560496461694,Comtrade,1,17.966810772074286,IND,HKG,2019
layer2_backend,IND,India,IRL,Ireland,6447284.432,4.339104645985903e-5,Comtrade,1,15.679169736928344,IND,IRL,2019
layer2_backend,IND,India,ISR,Israel,49574848.135,3.294493961375028e-4,Comtrade,1,17.718994189198586,IND,ISR,2019
layer2_backend,IND,India,KOR,Rep. of Korea,13625160.614,7.449086076141738e-4,Comtrade,1,16.427428760021215,IND,KOR,2019
layer2_backend,IND,India,MEX,Mexico,1501473.954,5.66965241365438e-4,Comtrade,1,14.221958485613717,IND,MEX,2019
layer2_backend,IND,India,MYS,Malaysia,3526796.388,6.574019025832422e-5,Comtrade,1,15.075900761580014,IND,MYS,2019
layer2_backend,IND,India,NLD,Netherlands,1545762.673,2.706846062543272e-4,Comtrade,1,14.251028632925928,IND,NLD,2019
layer2_backend,IND,India,SGP,Singapore,11185327.311999999,1.9711714583471452e-4,Comtrade,1,16.230113505358904,IND,SGP,2019
layer2_backend,IND,India,THA,Thailand,1117884.627,1.9575719182685975e-4,Comtrade,1,13.926949626032906,IND,THA,2019
layer2_backend,IND,India,TWN,Chinese Taipei,2659052990,0.0037494887221812133,OECD_BTIGE,1,21.701235877929363,IND,TWN,2019
layer2_backend,IND,India,USA,USA,26904634.055999998,0.013965478530056403,Comtrade,1,17.107809136643436,IND,USA,2019
layer2_backend,IND,India,VNM,Viet Nam,15226591.521,0.0011059092776182576,Comtrade,1,16.538553965170593,IND,VNM,2019
layer2_backend,IRL,Ireland,BEL,Belgium,3221609.482,1.6282745952477526e-4,Comtrade,1,14.985391942176864,IRL,BEL,2019
layer2_backend,IRL,Ireland,CHE,Switzerland,2593917.611,9.79478278983636e-4,Comtrade,1,14.768680267498906,IRL,CHE,2019
layer2_backend,IRL,Ireland,CHN,China,6057059641.291999,0.02924503104250024,Comtrade,1,22.52449031173379,IRL,CHN,2019
layer2_backend,IRL,Ireland,CZE,Czechia,7877352.639,2.34343980076978e-4,Comtrade,1,15.879502572815447,IRL,CZE,2019
layer2_backend,IRL,Ireland,DEU,Germany,39389752.195,0.0018586113317979847,Comtrade,1,17.489016269250893,IRL,DEU,2019
layer2_backend,IRL,Ireland,DNK,Denmark,1334218.292,6.743442249958116e-5,Comtrade,1,14.103856878754272,IRL,DNK,2019
layer2_backend,IRL,Ireland,FRA,France,11953091.321,5.29612402064692e-4,Comtrade,1,16.29650057449799,IRL,FRA,2019
layer2_backend,IRL,Ireland,GBR,United Kingdom,63983336.14699999,0.0033080676887784996,Comtrade,1,17.974133250347034,IRL,GBR,2019
layer2_backend,IRL,Ireland,HKG,"China, Hong Kong SAR",36748569.229,0.0017499652874379437,Comtrade,1,17.419609877532956,IRL,HKG,2019
layer2_backend,IRL,Ireland,HUN,Hungary,38231721.356,0.001932318021919882,Comtrade,1,17.459176157129644,IRL,HUN,2019
layer2_backend,IRL,Ireland,IND,India,3463473.176,1.750517998941887e-4,Comtrade,1,15.057782740375425,IRL,IND,2019
layer2_backend,IRL,Ireland,ISR,Israel,15766690.377999999,2.6419865835562923e-4,Comtrade,1,16.573410132107835,IRL,ISR,2019
layer2_backend,IRL,Ireland,ITA,Italy,7007182.483,3.5415891606610213e-4,Comtrade,1,15.762446392681303,IRL,ITA,2019
layer2_backend,IRL,Ireland,JPN,Japan,38964665.148,0.002026319768704773,Comtrade,1,17.478165797226172,IRL,JPN,2019
layer2_backend,IRL,Ireland,KOR,Rep. of Korea,27357779.306999996,1.4218344304195768e-4,Comtrade,1,17.12451151829736,IRL,KOR,2019
layer2_backend,IRL,Ireland,MYS,Malaysia,21214867.347,3.1070441146596636e-4,Comtrade,1,16.870212830942933,IRL,MYS,2019
layer2_backend,IRL,Ireland,NLD,Netherlands,12570028.396000002,0.003068951423418048,Comtrade,1,16.346825919147626,IRL,NLD,2019
layer2_backend,IRL,Ireland,PHL,Philippines,29718750.962,2.000109840541191e-4,Comtrade,1,17.207288783728863,IRL,PHL,2019
layer2_backend,IRL,Ireland,SGP,Singapore,8896959.275,3.9604724335195264e-4,Comtrade,1,16.00122023422874,IRL,SGP,2019
layer2_backend,IRL,Ireland,SWE,Sweden,4126953.543,2.085856044123291e-4,Comtrade,1,15.233050294135653,IRL,SWE,2019
layer2_backend,IRL,Ireland,THA,Thailand,4028144.202,2.0359155592127512e-4,Comtrade,1,15.20881658033373,IRL,THA,2019
layer2_backend,IRL,Ireland,TWN,Chinese Taipei,1054346890,0.0014867179361182405,OECD_BTIGE,1,20.776187351513762,IRL,TWN,2019
layer2_backend,IRL,Ireland,USA,USA,1152336654.635,0.01862631910729385,Comtrade,1,20.86505759232182,IRL,USA,2019
layer2_backend,ISR,Israel,BEL,Belgium,4431000,2.9821195092519435e-5,Comtrade,1,15.30413607586429,ISR,BEL,2019
layer2_backend,ISR,Israel,CAN,Canada,4155000,2.7963679893797843e-5,Comtrade,1,15.239823226945543,ISR,CAN,2019
layer2_backend,ISR,Israel,CHE,Switzerland,5376000,3.918959640539053e-4,Comtrade,1,15.49745534719701,ISR,CHE,2019
layer2_backend,ISR,Israel,CHN,China,1056138000,0.007154147260396507,Comtrade,1,20.777884696457384,ISR,CHN,2019
layer2_backend,ISR,Israel,CZE,Czechia,8406000,8.251159702273384e-4,Comtrade,1,15.944456413509839,ISR,CZE,2019
layer2_backend,ISR,Israel,DEU,Germany,24887000,0.01510521500504151,Comtrade,1,17.029856176927563,ISR,DEU,2019
layer2_backend,ISR,Israel,FRA,France,32812000,0.01890910836361202,Comtrade,1,17.306304890581433,ISR,FRA,2019
layer2_backend,ISR,Israel,GBR,United Kingdom,6846000,0.004942858823271139,Comtrade,1,15.739175244142956,ISR,GBR,2019
layer2_backend,ISR,Israel,HKG,"China, Hong Kong SAR",63845000,0.00207488337296643,Comtrade,1,17.971968844503852,ISR,HKG,2019
layer2_backend,ISR,Israel,HUN,Hungary,4390000,2.2785226937700748e-4,Comtrade,1,15.29484001284176,ISR,HUN,2019
layer2_backend,ISR,Israel,IND,India,54117000,0.001696459129330566,Comtrade,1,17.806658945836407,ISR,IND,2019
layer2_backend,ISR,Israel,IRL,Ireland,21012000,1.0000745213258157e-4,Comtrade,1,16.86060430864784,ISR,IRL,2019
layer2_backend,ISR,Israel,ITA,Italy,2423000,2.3783678275765416e-4,Comtrade,1,14.700517412510091,ISR,ITA,2019
layer2_backend,ISR,Israel,JPN,Japan,13836000,1.540644576243894e-4,Comtrade,1,16.44278452131442,ISR,JPN,2019
layer2_backend,ISR,Israel,KOR,Rep. of Korea,117555000,9.140209955428235e-4,Comtrade,1,18.58241687564387,ISR,KOR,2019
layer2_backend,ISR,Israel,MEX,Mexico,3883000,2.6133085205202654e-5,Comtrade,1,15.172118866246606,ISR,MEX,2019
layer2_backend,ISR,Israel,MYS,Malaysia,1451000,9.765415048351545e-6,Comtrade,1,14.187764221045963,ISR,MYS,2019
layer2_backend,ISR,Israel,NLD,Netherlands,14990000,3.0912624566308493e-4,Comtrade,1,16.52289393678992,ISR,NLD,2019
layer2_backend,ISR,Israel,PHL,Philippines,23034000,7.38487759027071e-4,Comtrade,1,16.952481986625074,ISR,PHL,2019
layer2_backend,ISR,Israel,SGP,Singapore,42379000,7.035134099260195e-4,Comtrade,1,17.562163538086764,ISR,SGP,2019
layer2_backend,ISR,Israel,SWE,Sweden,4933000,4.842133096754057e-4,Comtrade,1,15.411458082932254,ISR,SWE,2019
layer2_backend,ISR,Israel,THA,Thailand,6685000,1.8963372212987942e-4,Comtrade,1,15.7153769181068,ISR,THA,2019
layer2_backend,ISR,Israel,TWN,Chinese Taipei,1815773875,0.0025603941297701552,OECD_BTIGE,1,21.319777591751404,ISR,TWN,2019
layer2_backend,ISR,Israel,USA,USA,503234000,0.006409156379029418,Comtrade,1,20.036565830622635,ISR,USA,2019
layer2_backend,ITA,Italy,AUT,Austria,8410806.337,4.2153521568437196e-4,Comtrade,1,15.945028024606849,ITA,AUT,2019
layer2_backend,ITA,Italy,BEL,Belgium,5321225.919,2.928890751011847e-5,Comtrade,1,15.48721445860041,ITA,BEL,2019
layer2_backend,ITA,Italy,CAN,Canada,1700639.858,6.42171437605007e-4,Comtrade,1,14.346515713283228,ITA,CAN,2019
layer2_backend,ITA,Italy,CHE,Switzerland,10483118.24,0.0011501700930613788,Comtrade,1,16.165276829976523,ITA,CHE,2019
layer2_backend,ITA,Italy,CHN,China,63400408.261999995,0.006644322784679969,Comtrade,1,17.964980874623212,ITA,CHN,2019
layer2_backend,ITA,Italy,CZE,Czechia,22458605.112999998,0.0016533622610109592,Comtrade,1,16.927184444484958,ITA,CZE,2019
layer2_backend,ITA,Italy,DEU,Germany,128526829.208,0.00910985904808723,Comtrade,1,18.67164823589782,ITA,DEU,2019
layer2_backend,ITA,Italy,DNK,Denmark,1101836.015,7.415496899859889e-6,Comtrade,1,13.912489358482773,ITA,DNK,2019
layer2_backend,ITA,Italy,FIN,Finland,1149818.689,5.472607914587626e-6,Comtrade,1,13.955115695872342,ITA,FIN,2019
layer2_backend,ITA,Italy,FRA,France,142638102.591,0.005881578365464321,Comtrade,1,18.77582123635927,ITA,FRA,2019
layer2_backend,ITA,Italy,GBR,United Kingdom,25328337.336,9.479011166472537e-4,Comtrade,1,17.04743441919438,ITA,GBR,2019
layer2_backend,ITA,Italy,HKG,"China, Hong Kong SAR",218931253.82000002,0.0114585575973426,Comtrade,1,19.204268333570802,ITA,HKG,2019
layer2_backend,ITA,Italy,HUN,Hungary,14079308.817,8.719815913051616e-4,Comtrade,1,16.46021688881374,ITA,HUN,2019
layer2_backend,ITA,Italy,IND,India,4689904.467,1.7943117242825367e-4,Comtrade,1,15.360922983929342,ITA,IND,2019
layer2_backend,ITA,Italy,ISR,Israel,1407450.719,2.46464253762508e-4,Comtrade,1,14.157291335743334,ITA,ISR,2019
layer2_backend,ITA,Italy,JPN,Japan,5941464.114,3.998681121164458e-5,Comtrade,1,15.59746631311373,ITA,JPN,2019
layer2_backend,ITA,Italy,KOR,Rep. of Korea,31185229.468000002,5.24687825441619e-4,Comtrade,1,17.255455158262976,ITA,KOR,2019
layer2_backend,ITA,Italy,MEX,Mexico,2066307.912,1.565025325873082e-4,Comtrade,1,14.541274439265674,ITA,MEX,2019
layer2_backend,ITA,Italy,MYS,Malaysia,180086505.111,0.001968733140399511,Comtrade,1,19.00894788291389,ITA,MYS,2019
layer2_backend,ITA,Italy,NLD,Netherlands,21688558.204,3.4536125928492445e-4,Comtrade,1,16.89229545385627,ITA,NLD,2019
layer2_backend,ITA,Italy,NOR,Norway,1655152.597,6.249951850012155e-4,Comtrade,1,14.319404370341903,ITA,NOR,2019
layer2_backend,ITA,Italy,PHL,Philippines,133162571.244,0.0012858545044043203,Comtrade,1,18.707081287426554,ITA,PHL,2019
layer2_backend,ITA,Italy,SGP,Singapore,385173602.161,0.00721019444994464,Comtrade,1,19.7692047079207,ITA,SGP,2019
layer2_backend,ITA,Italy,SWE,Sweden,1514790.401,1.0194732582373447e-5,Comtrade,1,14.23078829833668,ITA,SWE,2019
layer2_backend,ITA,Italy,THA,Thailand,56184813.837,3.541370325249834e-4,Comtrade,1,17.8441570797238,ITA,THA,2019
layer2_backend,ITA,Italy,USA,USA,39592961.598000005,0.002715116725985558,Comtrade,1,17.494161948260313,ITA,USA,2019
layer2_backend,ITA,Italy,VNM,Viet Nam,1278265.822,1.328553319484113e-4,Comtrade,1,14.061015673035584,ITA,VNM,2019
layer2_backend,JPN,Japan,BEL,Belgium,33599205.673999995,0.002255107449773008,Comtrade,1,17.330013013761835,JPN,BEL,2019
layer2_backend,JPN,Japan,CAN,Canada,36673885.542,0.001868044300449272,Comtrade,1,17.41757552139611,JPN,CAN,2019
layer2_backend,JPN,Japan,CHE,Switzerland,11339621.957999999,0.0013750268902200493,Comtrade,1,16.243813606857508,JPN,CHE,2019
layer2_backend,JPN,Japan,CHN,China,7936423261.168999,0.24401862469444088,Comtrade,1,22.79472853995345,JPN,CHN,2019
layer2_backend,JPN,Japan,CZE,Czechia,55219387.993,0.0029046842924383676,Comtrade,1,17.826824699446718,JPN,CZE,2019
layer2_backend,JPN,Japan,DEU,Germany,778566475.4109999,0.03489371468901801,Comtrade,1,20.472964935972993,JPN,DEU,2019
layer2_backend,JPN,Japan,FIN,Finland,4882793.319,3.286182174731426e-5,Comtrade,1,15.401228220305326,JPN,FIN,2019
layer2_backend,JPN,Japan,FRA,France,21101677.105,0.001160149806617688,Comtrade,1,16.864863126326522,JPN,FRA,2019
layer2_backend,JPN,Japan,GBR,United Kingdom,37250004.48200001,0.003100884672874747,Comtrade,1,17.433162649957616,JPN,GBR,2019
layer2_backend,JPN,Japan,HKG,"China, Hong Kong SAR",6353958376.632,0.2168717771967734,Comtrade,1,22.572343822195005,JPN,HKG,2019
layer2_backend,JPN,Japan,HUN,Hungary,15931255.432,5.749588728734123e-4,Comtrade,1,16.58379355084128,JPN,HUN,2019
layer2_backend,JPN,Japan,IND,India,161275328.671,0.010472633631727728,Comtrade,1,18.898623584534885,JPN,IND,2019
layer2_backend,JPN,Japan,ISR,Israel,1354569.3,9.11642413939009e-6,Comtrade,1,14.118994840230979,JPN,ISR,2019
layer2_backend,JPN,Japan,ITA,Italy,29531250.814999998,0.0014695861950789514,Comtrade,1,17.200959644118605,JPN,ITA,2019
layer2_backend,JPN,Japan,KOR,Rep. of Korea,2128112153.428,0.05370105072661318,Comtrade,1,21.47850111118549,JPN,KOR,2019
layer2_backend,JPN,Japan,MEX,Mexico,69223064.727,0.0020498106800677057,Comtrade,1,18.052844684803546,JPN,MEX,2019
layer2_backend,JPN,Japan,MYS,Malaysia,1856629677.795,0.1095039489417092,Comtrade,1,21.342028680364656,JPN,MYS,2019
layer2_backend,JPN,Japan,NLD,Netherlands,122723974.89299999,0.004387609457681133,Comtrade,1,18.625448293143485,JPN,NLD,2019
layer2_backend,JPN,Japan,PHL,Philippines,810873476.97,0.028909446811769893,Comtrade,1,20.513622592473997,JPN,PHL,2019
layer2_backend,JPN,Japan,SGP,Singapore,1343207415.701,0.06712546040298566,Comtrade,1,21.018326185377788,JPN,SGP,2019
layer2_backend,JPN,Japan,SWE,Sweden,2291184.524,1.5419964044948155e-5,Comtrade,1,14.644579937641913,JPN,SWE,2019
layer2_backend,JPN,Japan,THA,Thailand,1552956574.645,0.07260330312845087,Comtrade,1,21.16342641912834,JPN,THA,2019
layer2_backend,JPN,Japan,TWN,Chinese Taipei,66136370916,0.09325785450990039,OECD_BTIGE,1,24.914984673278905,JPN,TWN,2019
layer2_backend,JPN,Japan,USA,USA,1356940112.533,0.05808208789913698,Comtrade,1,21.028498085309476,JPN,USA,2019
layer2_backend,JPN,Japan,VNM,Viet Nam,1682782879.419,0.046812795478629016,Comtrade,1,21.243714736357557,JPN,VNM,2019
layer2_backend,KOR,Korea,TWN,Chinese Taipei,27892544291,0.03933083719856387,OECD_BTIGE,1,24.0516252603841,KOR,TWN,2019
layer2_backend,KOR,Rep. of Korea,AUT,Austria,284497986,0.006264963188112807,Comtrade,1,19.46623673593445,KOR,AUT,2019
layer2_backend,KOR,Rep. of Korea,BEL,Belgium,1073707,5.110351294827611e-6,Comtrade,1,13.88662863626529,KOR,BEL,2019
layer2_backend,KOR,Rep. of Korea,CAN,Canada,37486079,0.00178109396176042,Comtrade,1,17.439480222028866,KOR,CAN,2019
layer2_backend,KOR,Rep. of Korea,CHE,Switzerland,15043862,2.8583230825555213e-4,Comtrade,1,16.52648069191032,KOR,CHE,2019
layer2_backend,KOR,Rep. of Korea,CHN,China,34568061373,0.3454385018231135,Comtrade,1,24.266196011031536,KOR,CHN,2019
layer2_backend,KOR,Rep. of Korea,CZE,Czechia,69961609,0.003536018602311667,Comtrade,1,18.06345722100025,KOR,CZE,2019
layer2_backend,KOR,Rep. of Korea,DEU,Germany,282061044,0.007180844061217334,Comtrade,1,19.45763407710699,KOR,DEU,2019
layer2_backend,KOR,Rep. of Korea,FIN,Finland,6125677,3.794967060850511e-4,Comtrade,1,15.6280000021465,KOR,FIN,2019
layer2_backend,KOR,Rep. of Korea,FRA,France,127532154,0.0012802074339679523,Comtrade,1,18.6638790868451,KOR,FRA,2019
layer2_backend,KOR,Rep. of Korea,GBR,United Kingdom,33825651,0.0038101420031809857,Comtrade,1,17.33673000751902,KOR,GBR,2019
layer2_backend,KOR,Rep. of Korea,HKG,"China, Hong Kong SAR",21234492147,0.19516989787141673,Comtrade,1,23.77889268462627,KOR,HKG,2019
layer2_backend,KOR,Rep. of Korea,HUN,Hungary,100787966,0.003178208557565703,Comtrade,1,18.428529531475778,KOR,HUN,2019
layer2_backend,KOR,Rep. of Korea,IND,India,1455897571,0.01673977856090407,Comtrade,1,21.098888435345206,KOR,IND,2019
layer2_backend,KOR,Rep. of Korea,IRL,Ireland,117007583,0.005913828970107397,Comtrade,1,18.57774931117409,KOR,IRL,2019
layer2_backend,KOR,Rep. of Korea,ISR,Israel,14705808,6.001314705230017e-4,Comtrade,1,16.503753143757866,KOR,ISR,2019
layer2_backend,KOR,Rep. of Korea,ITA,Italy,12981375,6.178537211724687e-5,Comtrade,1,16.37902627286663,KOR,ITA,2019
layer2_backend,KOR,Rep. of Korea,JPN,Japan,894546514,0.021820008773907315,Comtrade,1,20.61182746067898,KOR,JPN,2019
layer2_backend,KOR,Rep. of Korea,MEX,Mexico,405822143,0.011274716535422198,Comtrade,1,19.821425552620248,KOR,MEX,2019
layer2_backend,KOR,Rep. of Korea,MYS,Malaysia,1270943702,0.01676619573043827,Comtrade,1,20.963025534703036,KOR,MYS,2019
layer2_backend,KOR,Rep. of Korea,NLD,Netherlands,217314782,0.008941874359205513,Comtrade,1,19.196857473285455,KOR,NLD,2019
layer2_backend,KOR,Rep. of Korea,PHL,Philippines,2790858151,0.03090704623755211,Comtrade,1,21.74961496684824,KOR,PHL,2019
layer2_backend,KOR,Rep. of Korea,SGP,Singapore,2188576983,0.020977817494227398,Comtrade,1,21.50651739058152,KOR,SGP,2019
layer2_backend,KOR,Rep. of Korea,SWE,Sweden,4291344,2.1689427144133518e-4,Comtrade,1,15.272110761580652,KOR,SWE,2019
layer2_backend,KOR,Rep. of Korea,THA,Thailand,478144331,0.015734248965150358,Comtrade,1,19.98542319466886,KOR,THA,2019
layer2_backend,KOR,Rep. of Korea,USA,USA,2766504406,0.09021144007371514,Comtrade,1,21.740850413288697,KOR,USA,2019
layer2_backend,KOR,Rep. of Korea,VNM,Viet Nam,9986980020,0.09729342197162913,Comtrade,1,23.024548083704758,KOR,VNM,2019
layer2_backend,MEX,Mexico,CAN,Canada,22779901,0.0029924416926688517,Comtrade,1,16.941389213954743,MEX,CAN,2019
layer2_backend,MEX,Mexico,CHN,China,67088660,7.608974686217958e-4,Comtrade,1,18.021525601074885,MEX,CHN,2019
layer2_backend,MEX,Mexico,DEU,Germany,6474463,2.032537409683013e-4,Comtrade,1,15.683376382200649,MEX,DEU,2019
layer2_backend,MEX,Mexico,DNK,Denmark,1491889,7.540345815351603e-5,Comtrade,1,14.215554330486354,MEX,DNK,2019
layer2_backend,MEX,Mexico,FRA,France,4267195,1.3379730906690494e-4,Comtrade,1,15.266467495026621,MEX,FRA,2019
layer2_backend,MEX,Mexico,GBR,United Kingdom,1739045,8.78952836870446e-5,Comtrade,1,14.368847244970471,MEX,GBR,2019
layer2_backend,MEX,Mexico,HKG,"China, Hong Kong SAR",255021817,0.002162864436670949,Comtrade,1,19.356859660246897,MEX,HKG,2019
layer2_backend,MEX,Mexico,HUN,Hungary,26949819,6.984462461481763e-4,Comtrade,1,17.109487176261727,MEX,HUN,2019
layer2_backend,MEX,Mexico,IND,India,1199511,6.06260100404133e-5,Comtrade,1,13.997425365380249,MEX,IND,2019
layer2_backend,MEX,Mexico,ITA,Italy,2351053,1.1882755788279043e-4,Comtrade,1,14.670374296207807,MEX,ITA,2019
layer2_backend,MEX,Mexico,JPN,Japan,42283166,3.6602235924308534e-4,Comtrade,1,17.55989962155366,MEX,JPN,2019
layer2_backend,MEX,Mexico,KOR,Rep. of Korea,8522471,4.3527342457203496e-5,Comtrade,1,15.958216997567854,MEX,KOR,2019
layer2_backend,MEX,Mexico,MYS,Malaysia,31461869,3.225143116220816e-4,Comtrade,1,17.264286894387325,MEX,MYS,2019
layer2_backend,MEX,Mexico,NLD,Netherlands,57922047,5.559941185414909e-4,Comtrade,1,17.874608664532637,MEX,NLD,2019
layer2_backend,MEX,Mexico,PHL,Philippines,10995111,7.39984992540976e-5,Comtrade,1,16.212961368367502,MEX,PHL,2019
layer2_backend,MEX,Mexico,SGP,Singapore,38006066,3.810205584610204e-4,Comtrade,1,17.453256362841433,MEX,SGP,2019
layer2_backend,MEX,Mexico,THA,Thailand,1281763,8.626428455286163e-6,Comtrade,1,14.0637478121531,MEX,THA,2019
layer2_backend,MEX,Mexico,USA,USA,2172237980,0.07982185499778359,Comtrade,1,21.499023800695557,MEX,USA,2019
layer2_backend,MYS,Malaysia,AUT,Austria,44239927.045,0.002597661244364405,Comtrade,1,17.60513828870777,MYS,AUT,2019
layer2_backend,MYS,Malaysia,BEL,Belgium,57647699.97899999,0.0011046394798042167,Comtrade,1,17.869860924942266,MYS,BEL,2019
layer2_backend,MYS,Malaysia,CAN,Canada,40534879.096999995,0.0011013138781600109,Comtrade,1,17.517673398387974,MYS,CAN,2019
layer2_backend,MYS,Malaysia,CHE,Switzerland,5354620.276,1.7678587967471452e-4,Comtrade,1,15.493470535926924,MYS,CHE,2019
layer2_backend,MYS,Malaysia,CHN,China,9612038114.034002,0.21262024113407485,Comtrade,1,22.986282120172113,MYS,CHN,2019
layer2_backend,MYS,Malaysia,CZE,Czechia,142144506.243,0.004051597775579986,Comtrade,1,18.772354754744896,MYS,CZE,2019
layer2_backend,MYS,Malaysia,DEU,Germany,1907727030.981,0.10542031498873916,Comtrade,1,21.36917833473826,MYS,DEU,2019
layer2_backend,MYS,Malaysia,DNK,Denmark,4376402.082,3.079299516590915e-4,Comtrade,1,15.291737730816312,MYS,DNK,2019
layer2_backend,MYS,Malaysia,FIN,Finland,20631365.827000003,6.249779792989172e-4,Comtrade,1,16.842323137191055,MYS,FIN,2019
layer2_backend,MYS,Malaysia,FRA,France,591449709.5469999,0.010666399373646275,Comtrade,1,20.198087217560346,MYS,FRA,2019
layer2_backend,MYS,Malaysia,GBR,United Kingdom,99280564.236,0.006069559020964238,Comtrade,1,18.413460392196555,MYS,GBR,2019
layer2_backend,MYS,Malaysia,HKG,"China, Hong Kong SAR",11193745690.001,0.2515126822894855,Comtrade,1,23.138621038826354,MYS,HKG,2019
layer2_backend,MYS,Malaysia,HUN,Hungary,154292103.56500003,0.003779936757319555,Comtrade,1,18.854358146646355,MYS,HUN,2019
layer2_backend,MYS,Malaysia,IND,India,311886890.97700006,0.013122824312445906,Comtrade,1,19.55815115433068,MYS,IND,2019
layer2_backend,MYS,Malaysia,IRL,Ireland,68741730.09,0.0032139646512561485,Comtrade,1,18.045867012222786,MYS,IRL,2019
layer2_backend,MYS,Malaysia,ITA,Italy,23512776.564999998,7.547082642332027e-4,Comtrade,1,16.973054557519085,MYS,ITA,2019
layer2_backend,MYS,Malaysia,JPN,Japan,1767304663.6810002,0.05032713357040067,Comtrade,1,21.2927214345958,MYS,JPN,2019
layer2_backend,MYS,Malaysia,KOR,Rep. of Korea,1853569501.5649998,0.0619727200812162,Comtrade,1,21.340379077863897,MYS,KOR,2019
layer2_backend,MYS,Malaysia,MEX,Mexico,646994698.795,0.015108451184185478,Comtrade,1,20.287848660460988,MYS,MEX,2019
layer2_backend,MYS,Malaysia,NLD,Netherlands,1454370879.0500002,0.04462669578738922,Comtrade,1,21.097839259219224,MYS,NLD,2019
layer2_backend,MYS,Malaysia,NOR,Norway,1063694.744,5.06269756302392e-6,Comtrade,1,13.877259953103614,MYS,NOR,2019
layer2_backend,MYS,Malaysia,PHL,Philippines,458585691.26100004,0.015630074756880483,Comtrade,1,19.943657729168287,MYS,PHL,2019
layer2_backend,MYS,Malaysia,SGP,Singapore,10406010364.957,0.558707766097605,Comtrade,1,23.06564939596596,MYS,SGP,2019
layer2_backend,MYS,Malaysia,SWE,Sweden,4392746.922,1.0982588770946709e-4,Comtrade,1,15.295465539567838,MYS,SWE,2019
layer2_backend,MYS,Malaysia,THA,Thailand,1997022487.943,0.057536198756332216,Comtrade,1,21.414923152680228,MYS,THA,2019
layer2_backend,MYS,Malaysia,TWN,Chinese Taipei,17025510292,0.02400740378973575,OECD_BTIGE,1,23.557978661689923,MYS,TWN,2019
layer2_backend,MYS,Malaysia,USA,USA,3179181191.6190004,0.11120056343920776,Comtrade,1,21.879889513985333,MYS,USA,2019
layer2_backend,MYS,Malaysia,VNM,Viet Nam,894105975.8199999,0.022395480994967264,Comtrade,1,20.611334868416456,MYS,VNM,2019
layer2_backend,NLD,Netherlands,AUT,Austria,47185634.019,0.0021573497062169077,Comtrade,1,17.669600061416315,NLD,AUT,2019
layer2_backend,NLD,Netherlands,BEL,Belgium,189275595.45499998,0.009092921740758712,Comtrade,1,19.05871469321007,NLD,BEL,2019
layer2_backend,NLD,Netherlands,CAN,Canada,6160152.956,6.919433457986247e-4,Comtrade,1,15.633612328054529,NLD,CAN,2019
layer2_backend,NLD,Netherlands,CHE,Switzerland,131985182.75199999,0.002687700572808978,Comtrade,1,18.69820022994775,NLD,CHE,2019
layer2_backend,NLD,Netherlands,CHN,China,363278663.606,0.006702355014105097,Comtrade,1,19.710680768811297,NLD,CHN,2019
layer2_backend,NLD,Netherlands,CZE,Czechia,1997675741.8609998,0.04002248111509356,Comtrade,1,21.415250213141825,NLD,CZE,2019
layer2_backend,NLD,Netherlands,DEU,Germany,2110401199.8630002,0.05984972053514958,Comtrade,1,21.470143908948675,NLD,DEU,2019
layer2_backend,NLD,Netherlands,DNK,Denmark,73764102.6,0.0011096713026210274,Comtrade,1,18.11638277015531,NLD,DNK,2019
layer2_backend,NLD,Netherlands,FIN,Finland,42187645.050000004,0.0017959346477437667,Comtrade,1,17.557637988516955,NLD,FIN,2019
layer2_backend,NLD,Netherlands,FRA,France,393680995.317,0.0155560113764729,Comtrade,1,19.7910514852976,NLD,FRA,2019
layer2_backend,NLD,Netherlands,GBR,United Kingdom,965977201.1700001,0.02046237285176018,Comtrade,1,20.68865079166021,NLD,GBR,2019
layer2_backend,NLD,Netherlands,HKG,"China, Hong Kong SAR",197840004.558,0.005563390660964847,Comtrade,1,19.102969209270842,NLD,HKG,2019
layer2_backend,NLD,Netherlands,HUN,Hungary,931807271.6149999,0.008408394655730608,Comtrade,1,20.652636562226363,NLD,HUN,2019
layer2_backend,NLD,Netherlands,IND,India,9594499.001,5.291202583625769e-4,Comtrade,1,16.07670057569616,NLD,IND,2019
layer2_backend,NLD,Netherlands,IRL,Ireland,234399001.188,0.0023773030688835394,Comtrade,1,19.27253535878094,NLD,IRL,2019
layer2_backend,NLD,Netherlands,ISR,Israel,159076788.83200002,0.0022595883310311655,Comtrade,1,18.884897598517554,NLD,ISR,2019
layer2_backend,NLD,Netherlands,ITA,Italy,411919958.09000003,0.015733355361278258,Comtrade,1,19.836339614386755,NLD,ITA,2019
layer2_backend,NLD,Netherlands,JPN,Japan,3488590.819,1.0700419837025484e-4,Comtrade,1,15.065008722496632,NLD,JPN,2019
layer2_backend,NLD,Netherlands,KOR,Rep. of Korea,190676501.819,0.0013925054763971644,Comtrade,1,19.066088847556873,NLD,KOR,2019
layer2_backend,NLD,Netherlands,MEX,Mexico,131068876.025,0.0031242109826342328,Comtrade,1,18.691233521808968,NLD,MEX,2019
layer2_backend,NLD,Netherlands,MYS,Malaysia,83882790.889,0.002001106810955131,Comtrade,1,18.244931047766926,NLD,MYS,2019
layer2_backend,NLD,Netherlands,NOR,Norway,51355788.786,6.257771493570392e-4,Comtrade,1,17.75428823941423,NLD,NOR,2019
layer2_backend,NLD,Netherlands,PHL,Philippines,6190897.146,3.392112949217872e-5,Comtrade,1,15.638590730419661,NLD,PHL,2019
layer2_backend,NLD,Netherlands,SGP,Singapore,73338055.171,6.416162780850564e-4,Comtrade,1,18.110590215906605,NLD,SGP,2019
layer2_backend,NLD,Netherlands,SWE,Sweden,210200201.23900002,0.0050132814228959965,Comtrade,1,19.16357097853321,NLD,SWE,2019
layer2_backend,NLD,Netherlands,THA,Thailand,169243781.264,0.0022200971481445364,Comtrade,1,18.946850732089224,NLD,THA,2019
layer2_backend,NLD,Netherlands,TWN,Chinese Taipei,14819085865,0.020896159472118127,OECD_BTIGE,1,23.419181772455772,NLD,TWN,2019
layer2_backend,NLD,Netherlands,USA,USA,467774676.98300004,0.00741132164951381,Comtrade,1,19.96349728064286,NLD,USA,2019
layer2_backend,NLD,Netherlands,VNM,Viet Nam,16388281.159,2.3434798149328398e-4,Comtrade,1,16.61207713491586,NLD,VNM,2019
layer2_backend,NOR,Norway,CHN,China,1317093.814,8.8642093393014e-6,Comtrade,1,14.090938970541075,NOR,CHN,2019
layer2_backend,NOR,Norway,CZE,Czechia,6278110.166,0.007984012165670205,Comtrade,1,15.652579723458867,NOR,CZE,2019
layer2_backend,NOR,Norway,DEU,Germany,11945655.292000001,0.00932938226751918,Comtrade,1,16.29587828005401,NOR,DEU,2019
layer2_backend,NOR,Norway,GBR,United Kingdom,4787293.525,1.7516859094662121e-4,Comtrade,1,15.381475992489937,NOR,GBR,2019
layer2_backend,NOR,Norway,MYS,Malaysia,1700088.224,1.1441810562491284e-5,Comtrade,1,14.346191292355053,NOR,MYS,2019
layer2_backend,NOR,Norway,NLD,Netherlands,2917327.4699999997,1.8543250057995045e-4,Comtrade,1,14.886178847926868,NOR,NLD,2019
layer2_backend,NOR,Norway,SWE,Sweden,22957143.393,0.0011442457899851586,Comtrade,1,16.949139748553485,NOR,SWE,2019
layer2_backend,NOR,Norway,TWN,Chinese Taipei,313698132,4.4234079295400335e-4,OECD_BTIGE,1,19.563941721597132,NOR,TWN,2019
layer2_backend,NOR,Norway,USA,USA,10172519.763999999,0.0011448849709096089,Comtrade,1,16.13520060004538,NOR,USA,2019
layer2_backend,NOR,Norway,VNM,Viet Nam,1065975.513,4.0251851349643297e-4,Comtrade,1,13.87940185063218,NOR,VNM,2019
layer2_backend,PHL,Philippines,AUT,Austria,55491754,3.0415224090049185e-4,Comtrade,1,17.831745009122187,PHL,AUT,2019
layer2_backend,PHL,Philippines,BEL,Belgium,102297200,6.650489391329629e-4,Comtrade,1,18.44339286984373,PHL,BEL,2019
layer2_backend,PHL,Philippines,CAN,Canada,36571112,1.790743525816942e-4,Comtrade,1,17.414769224445045,PHL,CAN,2019
layer2_backend,PHL,Philippines,CHE,Switzerland,15063309,1.7569791605927547e-4,Comtrade,1,16.527772543702884,PHL,CHE,2019
layer2_backend,PHL,Philippines,CHN,China,2318395612,0.02016290349346686,Comtrade,1,21.564141237275624,PHL,CHN,2019
layer2_backend,PHL,Philippines,CZE,Czechia,177274893,9.461640095068645e-4,Comtrade,1,18.993212159213105,PHL,CZE,2019
layer2_backend,PHL,Philippines,DEU,Germany,1110445982,0.010510509713114404,Comtrade,1,20.828027558062566,PHL,DEU,2019
layer2_backend,PHL,Philippines,DNK,Denmark,1293101,8.702734641239444e-6,Comtrade,1,14.072554540953538,PHL,DNK,2019
layer2_backend,PHL,Philippines,FIN,Finland,11087578,5.4591041857043174e-5,Comtrade,1,16.221336030715513,PHL,FIN,2019
layer2_backend,PHL,Philippines,FRA,France,239436814,0.005283770214736264,Comtrade,1,19.293800119549214,PHL,FRA,2019
layer2_backend,PHL,Philippines,GBR,United Kingdom,45703656,2.524797468041572e-4,Comtrade,1,17.63768887454469,PHL,GBR,2019
layer2_backend,PHL,Philippines,HKG,"China, Hong Kong SAR",6430666008,0.05285507299119084,Comtrade,1,22.584343948214652,PHL,HKG,2019
layer2_backend,PHL,Philippines,HUN,Hungary,61833652,3.5196636232768093e-4,Comtrade,1,17.93995832114161,PHL,HUN,2019
layer2_backend,PHL,Philippines,IND,India,41932672,3.2062085358269414e-4,Comtrade,1,17.55157586622071,PHL,IND,2019
layer2_backend,PHL,Philippines,IRL,Ireland,63002455,0.0016920653333473373,Comtrade,1,17.95868426772293,PHL,IRL,2019
layer2_backend,PHL,Philippines,ISR,Israel,18661458,9.95688708484024e-5,Comtrade,1,16.7419709389657,PHL,ISR,2019
layer2_backend,PHL,Philippines,ITA,Italy,13026240,7.690401740098172e-5,Comtrade,1,16.382476419375955,PHL,ITA,2019
layer2_backend,PHL,Philippines,JPN,Japan,1419130172,0.015062568506108579,Comtrade,1,21.07330996664624,PHL,JPN,2019
layer2_backend,PHL,Philippines,KOR,Rep. of Korea,903723764,0.005684878831876897,Comtrade,1,20.622034301970256,PHL,KOR,2019
layer2_backend,PHL,Philippines,MEX,Mexico,242161405,0.0017642707555012092,Comtrade,1,19.305115028739507,PHL,MEX,2019
layer2_backend,PHL,Philippines,MYS,Malaysia,648941877,0.004212583194263485,Comtrade,1,20.290853714417594,PHL,MYS,2019
layer2_backend,PHL,Philippines,NLD,Netherlands,1081778775,0.006115401792296766,Comtrade,1,20.80187253805588,PHL,NLD,2019
layer2_backend,PHL,Philippines,SGP,Singapore,2643968804,0.02209044428171785,Comtrade,1,21.695546960454752,PHL,SGP,2019
layer2_backend,PHL,Philippines,SWE,Sweden,7504070,4.078783160558637e-5,Comtrade,1,15.830956231243906,PHL,SWE,2019
layer2_backend,PHL,Philippines,THA,Thailand,428889142,0.0039237294021035336,Comtrade,1,19.876709035573803,PHL,THA,2019
layer2_backend,PHL,Philippines,USA,USA,2523161818,0.020918865504579928,Comtrade,1,21.64877864208329,PHL,USA,2019
layer2_backend,PHL,Philippines,VNM,Viet Nam,384604969,0.002044766651332823,Comtrade,1,19.76772731355236,PHL,VNM,2019
layer2_backend,SGP,Singapore,AUT,Austria,90594352.40599999,0.001064402116925841,Comtrade,1,18.321902444633874,SGP,AUT,2019
layer2_backend,SGP,Singapore,BEL,Belgium,184682700.8,9.548893216401949e-4,Comtrade,1,19.03414978512568,SGP,BEL,2019
layer2_backend,SGP,Singapore,CAN,Canada,66444289.471,0.012208118788627311,Comtrade,1,18.011874417249913,SGP,CAN,2019
layer2_backend,SGP,Singapore,CHE,Switzerland,13703096.879,0.0020246399435793288,Comtrade,1,16.433132487791248,SGP,CHE,2019
layer2_backend,SGP,Singapore,CHN,China,11950357037.892,0.1928758931549062,Comtrade,1,23.204026992609148,SGP,CHN,2019
layer2_backend,SGP,Singapore,CZE,Czechia,44148723.079,0.0021625106158603153,Comtrade,1,17.603074584913742,SGP,CZE,2019
layer2_backend,SGP,Singapore,DEU,Germany,2050991982.1449997,0.07227808168551796,Comtrade,1,21.441589407274748,SGP,DEU,2019
layer2_backend,SGP,Singapore,DNK,Denmark,1334717.433,0.0016973898101558269,Comtrade,1,14.104230915961018,SGP,DNK,2019
layer2_backend,SGP,Singapore,FIN,Finland,29905883.156999998,0.003337114920442032,Comtrade,1,17.213565813547902,SGP,FIN,2019
layer2_backend,SGP,Singapore,FRA,France,1255720932.013,0.02466755239271571,Comtrade,1,20.95097569321365,SGP,FRA,2019
layer2_backend,SGP,Singapore,GBR,United Kingdom,114862546.02199998,0.04448560940224707,Comtrade,1,18.559246728167622,SGP,GBR,2019
layer2_backend,SGP,Singapore,HKG,"China, Hong Kong SAR",27113889973.29,0.38197966622465734,Comtrade,1,24.023311978702406,SGP,HKG,2019
layer2_backend,SGP,Singapore,HUN,Hungary,55819811.837,0.0010194862145049546,Comtrade,1,17.837639433092985,SGP,HUN,2019
layer2_backend,SGP,Singapore,IND,India,1343418303.533,0.06394850000339058,Comtrade,1,21.018483176231232,SGP,IND,2019
layer2_backend,SGP,Singapore,IRL,Ireland,8210947.745,0.0010867193563244932,Comtrade,1,15.920979034435419,SGP,IRL,2019
layer2_backend,SGP,Singapore,ISR,Israel,107270513.891,0.00434739798031906,Comtrade,1,18.490864378515482,SGP,ISR,2019
layer2_backend,SGP,Singapore,ITA,Italy,115216111.98099999,0.008417872075792494,Comtrade,1,18.562320166071956,SGP,ITA,2019
layer2_backend,SGP,Singapore,JPN,Japan,3458573362.385,0.06842462532391112,Comtrade,1,21.964122018266558,SGP,JPN,2019
layer2_backend,SGP,Singapore,KOR,Rep. of Korea,3654115687.2960005,0.05925330821767942,Comtrade,1,22.01911995512791,SGP,KOR,2019
layer2_backend,SGP,Singapore,MEX,Mexico,674657174.232,0.019177175530407525,Comtrade,1,20.329715231272544,SGP,MEX,2019
layer2_backend,SGP,Singapore,MYS,Malaysia,9232243172.275,0.1916202200696193,Comtrade,1,22.94596788662468,SGP,MYS,2019
layer2_backend,SGP,Singapore,NLD,Netherlands,1669472618.393,0.05777944961935352,Comtrade,1,21.235773616730114,SGP,NLD,2019
layer2_backend,SGP,Singapore,NOR,Norway,2431680.384,0.0030924219638610267,Comtrade,1,14.704093503617232,SGP,NOR,2019
layer2_backend,SGP,Singapore,PHL,Philippines,1379820037.9800003,0.040177509151640645,Comtrade,1,21.04521892107562,SGP,PHL,2019
layer2_backend,SGP,Singapore,SWE,Sweden,5918073.717,0.001360104309503153,Comtrade,1,15.593521737242789,SGP,SWE,2019
layer2_backend,SGP,Singapore,THA,Thailand,2313144432.917,0.0982646994848525,Comtrade,1,21.5618736626547,SGP,THA,2019
layer2_backend,SGP,Singapore,TWN,Chinese Taipei,14208478474,0.02003515161148313,OECD_BTIGE,1,23.377104699079073,SGP,TWN,2019
layer2_backend,SGP,Singapore,USA,USA,4968333361.647,0.13266701206740253,Comtrade,1,22.326350281308436,SGP,USA,2019
layer2_backend,SGP,Singapore,VNM,Viet Nam,3171286282.904,0.08065712278825982,Comtrade,1,21.877403110327172,SGP,VNM,2019
layer2_backend,SWE,Sweden,BEL,Belgium,2658497.871,1.2653226659937298e-5,Comtrade,1,14.79327218725087,SWE,BEL,2019
layer2_backend,SWE,Sweden,CHE,Switzerland,1405847.93,5.308563021237405e-4,Comtrade,1,14.156151898922758,SWE,CHE,2019
layer2_backend,SWE,Sweden,CHN,China,28038403.659999996,0.0014558020781096847,Comtrade,1,17.149085723362287,SWE,CHN,2019
layer2_backend,SWE,Sweden,CZE,Czechia,4482600.627,1.4433113084940714e-4,Comtrade,1,15.315714156150879,SWE,CZE,2019
layer2_backend,SWE,Sweden,DEU,Germany,22485425.923,0.0034032005914418784,Comtrade,1,16.928377965020257,SWE,DEU,2019
layer2_backend,SWE,Sweden,DNK,Denmark,21290291.306,0.0014065425072604474,Comtrade,1,16.87376176650768,SWE,DNK,2019
layer2_backend,SWE,Sweden,FIN,Finland,12368226.547,4.358963007212799e-4,Comtrade,1,16.330641447683437,SWE,FIN,2019
layer2_backend,SWE,Sweden,FRA,France,2081441.543,0.0026470154492416985,Comtrade,1,14.548571741584967,SWE,FRA,2019
layer2_backend,SWE,Sweden,GBR,United Kingdom,5881259.141,2.5189935222954033e-4,Comtrade,1,15.587281606607645,SWE,GBR,2019
layer2_backend,SWE,Sweden,HKG,"China, Hong Kong SAR",10090450.522,1.2506350067171296e-4,Comtrade,1,16.12710014078347,SWE,HKG,2019
layer2_backend,SWE,Sweden,ITA,Italy,3387589.195,2.012148205033441e-5,Comtrade,1,15.035629369645891,SWE,ITA,2019
layer2_backend,SWE,Sweden,KOR,Rep. of Korea,1288597.02,6.512861980637665e-5,Comtrade,1,14.069065379134203,SWE,KOR,2019
layer2_backend,SWE,Sweden,MEX,Mexico,7722172.441,5.1971205348936586e-5,Comtrade,1,15.859606416186043,SWE,MEX,2019
layer2_backend,SWE,Sweden,MYS,Malaysia,1557671.471,7.413799499063412e-6,Comtrade,1,14.258703259307532,SWE,MYS,2019
layer2_backend,SWE,Sweden,NLD,Netherlands,8175951.437000001,7.243423923508126e-4,Comtrade,1,15.916707774016334,SWE,NLD,2019
layer2_backend,SWE,Sweden,NOR,Norway,21688246.604,0.00228525075041941,Comtrade,1,16.892281086731398,SWE,NOR,2019
layer2_backend,SWE,Sweden,THA,Thailand,10002908.814,4.775903442626458e-4,Comtrade,1,16.11838659003144,SWE,THA,2019
layer2_backend,SWE,Sweden,TWN,Chinese Taipei,809435392,0.0011413720918883716,OECD_BTIGE,1,20.511847516902456,SWE,TWN,2019
layer2_backend,SWE,Sweden,USA,USA,14195501.101999998,0.0013011961251315146,Comtrade,1,16.46843571901426,SWE,USA,2019
layer2_backend,THA,Thailand,AUT,Austria,17142038.762,0.011267631555143497,Comtrade,1,16.65704447000425,THA,AUT,2019
layer2_backend,THA,Thailand,BEL,Belgium,84393485.833,5.679789224923647e-4,Comtrade,1,18.251000786363292,THA,BEL,2019
layer2_backend,THA,Thailand,CAN,Canada,10010105.739,0.0027570217808407845,Comtrade,1,16.119105814471315,THA,CAN,2019
layer2_backend,THA,Thailand,CHE,Switzerland,25504938.281000003,0.003486814045564503,Comtrade,1,17.054382688665875,THA,CHE,2019
layer2_backend,THA,Thailand,CHN,China,782066477.3540001,0.017515789234039594,Comtrade,1,20.477450305579247,THA,CHN,2019
layer2_backend,THA,Thailand,CZE,Czechia,20943849.436,0.004232831181368111,Comtrade,1,16.857355625968047,THA,CZE,2019
layer2_backend,THA,Thailand,DEU,Germany,485628900.17399997,0.023601798769541195,Comtrade,1,20.00095531235945,THA,DEU,2019
layer2_backend,THA,Thailand,DNK,Denmark,1739694.054,1.1708362849386153e-5,Comtrade,1,14.36922039950969,THA,DNK,2019
layer2_backend,THA,Thailand,FIN,Finland,1704859.438,0.002168107620580685,Comtrade,1,14.348993810804034,THA,FIN,2019
layer2_backend,THA,Thailand,FRA,France,19161358.779,0.00588748342641157,Comtrade,1,16.76840629766517,THA,FRA,2019
layer2_backend,THA,Thailand,GBR,United Kingdom,181627149.596,0.012245410525221122,Comtrade,1,19.01746652064353,THA,GBR,2019
layer2_backend,THA,Thailand,HKG,"China, Hong Kong SAR",1975625841.868,0.047782281674072745,Comtrade,1,21.40415106756766,THA,HKG,2019
layer2_backend,THA,Thailand,HUN,Hungary,30171991.1,0.004738111920350363,Comtrade,1,17.222424638123464,THA,HUN,2019
layer2_backend,THA,Thailand,IND,India,30728192.759999998,0.0026696801919930337,Comtrade,1,17.240691154637567,THA,IND,2019
layer2_backend,THA,Thailand,IRL,Ireland,6452064.426,4.342321642907931e-5,Comtrade,1,15.679910858597397,THA,IRL,2019
layer2_backend,THA,Thailand,ISR,Israel,18211292.958,0.0011568436549102038,Comtrade,1,16.71755250673012,THA,ISR,2019
layer2_backend,THA,Thailand,ITA,Italy,6544292.13,0.005884343057427199,Comtrade,1,15.694103949965669,THA,ITA,2019
layer2_backend,THA,Thailand,JPN,Japan,911347986.193,0.0464140603034679,Comtrade,1,20.630435366033446,THA,JPN,2019
layer2_backend,THA,Thailand,KOR,Rep. of Korea,244345098.328,0.009587265817211867,Comtrade,1,19.314092125526788,THA,KOR,2019
layer2_backend,THA,Thailand,MEX,Mexico,106085184.466,0.0010797321153219004,Comtrade,1,18.47975296580515,THA,MEX,2019
layer2_backend,THA,Thailand,MYS,Malaysia,549530095.856,0.015068566565527436,Comtrade,1,20.124574101656552,THA,MYS,2019
layer2_backend,THA,Thailand,NLD,Netherlands,185750653.945,0.007965672473721333,Comtrade,1,19.039915767504784,THA,NLD,2019
layer2_backend,THA,Thailand,PHL,Philippines,397707827.83799994,0.006844659034117306,Comtrade,1,19.80122819526956,THA,PHL,2019
layer2_backend,THA,Thailand,SGP,Singapore,806062181.8959999,0.029665339622813244,Comtrade,1,20.507671447490033,THA,SGP,2019
layer2_backend,THA,Thailand,USA,USA,620927257.378,0.056807561773270135,Comtrade,1,20.246724496769453,THA,USA,2019
layer2_backend,THA,Thailand,VNM,Viet Nam,106203582.312,0.002808948196219731,Comtrade,1,18.4808684073705,THA,VNM,2019
layer2_backend,TWN,Chinese Taipei,AUT,Austria,656769259,9.260999833236916e-4,OECD_BTIGE,1,20.302843312327553,TWN,AUT,2019
layer2_backend,TWN,Chinese Taipei,CAN,Canada,3072894808,0.004333040548787711,OECD_BTIGE,1,21.845885888789706,TWN,CAN,2019
layer2_backend,TWN,Chinese Taipei,CHN,China (People’s Republic of),156110867568,0.22012947449991996,OECD_BTIGE,1,25.773832281320594,TWN,CHN,2019
layer2_backend,TWN,Chinese Taipei,DEU,Germany,10357880775,0.014605484470454311,OECD_BTIGE,1,23.061013494551688,TWN,DEU,2019
layer2_backend,TWN,Chinese Taipei,DNK,Denmark,474976081,6.697562875628629e-4,OECD_BTIGE,1,19.978775007046917,TWN,DNK,2019
layer2_backend,TWN,Chinese Taipei,FIN,Finland,405536226,5.718402421995101e-4,OECD_BTIGE,1,19.82072076661679,TWN,FIN,2019
layer2_backend,TWN,Chinese Taipei,FRA,France,2228483918,0.003142350058282668,OECD_BTIGE,1,21.524587334260232,TWN,FRA,2019
layer2_backend,TWN,Chinese Taipei,IND,India,4307209849,0.00607352873885125,OECD_BTIGE,1,22.183556164840514,TWN,IND,2019
layer2_backend,TWN,Chinese Taipei,IRL,Ireland,596121819,8.405819838086982e-4,OECD_BTIGE,1,20.205955600116766,TWN,IRL,2019
layer2_backend,TWN,Chinese Taipei,ISR,Israel,1250598119,0.0017634487017769206,OECD_BTIGE,1,20.946887769817916,TWN,ISR,2019
layer2_backend,TWN,Chinese Taipei,JPN,Japan,37245034396,0.0525186361273129,OECD_BTIGE,1,24.340784468107586,TWN,JPN,2019
layer2_backend,TWN,Chinese Taipei,KOR,Korea,26423221920,0.037258968875506095,OECD_BTIGE,1,23.997509078680984,TWN,KOR,2019
layer2_backend,TWN,Chinese Taipei,MYS,Malaysia,15686442137,0.022119204884228225,OECD_BTIGE,1,23.476062618130413,TWN,MYS,2019
layer2_backend,TWN,Chinese Taipei,NLD,Netherlands,9422351082,0.013286308791608907,OECD_BTIGE,1,22.966350478576324,TWN,NLD,2019
layer2_backend,TWN,Chinese Taipei,NOR,Norway,261179307,3.682848253669457e-4,OECD_BTIGE,1,19.38071773323928,TWN,NOR,2019
layer2_backend,TWN,Chinese Taipei,SGP,Singapore,33093215795,0.04666422213874786,OECD_BTIGE,1,24.22259413747616,TWN,SGP,2019
layer2_backend,TWN,Chinese Taipei,SWE,Sweden,888351672,0.0012526506948230558,OECD_BTIGE,1,20.604878250711145,TWN,SWE,2019
layer2_backend,TWN,Chinese Taipei,USA,United States,72841970795,0.10271331523833446,OECD_BTIGE,1,25.011558147947213,TWN,USA,2019
layer2_backend,TWN,Chinese Taipei,VNM,Viet Nam,13663883424,0.019267226712727833,OECD_BTIGE,1,23.33802194241349,TWN,VNM,2019
layer2_backend,USA,USA,AUT,Austria,14165285,2.3827490596305335e-4,Comtrade,1,16.466304881653585,USA,AUT,2019
layer2_backend,USA,USA,BEL,Belgium,43175063,0.0013536078012874255,Comtrade,1,17.580773664335233,USA,BEL,2019
layer2_backend,USA,USA,CAN,Canada,2005987640,0.07981079305344585,Comtrade,1,21.419402365450228,USA,CAN,2019
layer2_backend,USA,USA,CHE,Switzerland,36007809,8.501752711907441e-4,Comtrade,1,17.399246417335785,USA,CHE,2019
layer2_backend,USA,USA,CHN,China,8738594713,0.11746466865866556,Comtrade,1,22.891015225814247,USA,CHN,2019
layer2_backend,USA,USA,CZE,Czechia,179946498,0.006484058839408999,Comtrade,1,19.008170136895775,USA,CZE,2019
layer2_backend,USA,USA,DEU,Germany,1286455379,0.03534321888760736,Comtrade,1,20.975156505835468,USA,DEU,2019
layer2_backend,USA,USA,DNK,Denmark,17580080,4.773502293004708e-4,Comtrade,1,16.682277057719222,USA,DNK,2019
layer2_backend,USA,USA,FIN,Finland,105315732,0.0015641130272547037,Comtrade,1,18.47247337714954,USA,FIN,2019
layer2_backend,USA,USA,FRA,France,345283112,0.026581865433587044,Comtrade,1,19.659875255864577,USA,FRA,2019
layer2_backend,USA,USA,GBR,United Kingdom,439599487,0.02402383192792721,Comtrade,1,19.901374615797884,USA,GBR,2019
layer2_backend,USA,USA,HKG,"China, Hong Kong SAR",4021696837,0.24477385249439326,Comtrade,1,22.114969749523592,USA,HKG,2019
layer2_backend,USA,USA,HUN,Hungary,45737853,0.0013504536610194795,Comtrade,1,17.63843682809927,USA,HUN,2019
layer2_backend,USA,USA,IND,India,287176401,0.012273735779421733,Comtrade,1,19.475607226024394,USA,IND,2019
layer2_backend,USA,USA,IRL,Ireland,159417806,0.005107626910788799,Comtrade,1,18.887039030753513,USA,IRL,2019
layer2_backend,USA,USA,ISR,Israel,190630883,0.006619436253901439,Comtrade,1,19.065849571734823,USA,ISR,2019
layer2_backend,USA,USA,ITA,Italy,90740104,0.003613846332222294,Comtrade,1,18.323509989351727,USA,ITA,2019
layer2_backend,USA,USA,JPN,Japan,715359726,0.034512932588283265,Comtrade,1,20.388296088823836,USA,JPN,2019
layer2_backend,USA,USA,KOR,Rep. of Korea,3179636484,0.03871965752788696,Comtrade,1,21.8800327143112,USA,KOR,2019
layer2_backend,USA,USA,MEX,Mexico,10661791699,0.2366017777351802,Comtrade,1,23.089932318483843,USA,MEX,2019
layer2_backend,USA,USA,MYS,Malaysia,2941426395,0.05486774959245214,Comtrade,1,21.802160469348202,USA,MYS,2019
layer2_backend,USA,USA,NLD,Netherlands,591159617,0.013021031774528262,Comtrade,1,20.19759662012328,USA,NLD,2019
layer2_backend,USA,USA,NOR,Norway,8351113,1.1885978611790032e-4,Comtrade,1,15.937905501101945,USA,NOR,2019
layer2_backend,USA,USA,PHL,Philippines,1908166119,0.0762280786404903,Comtrade,1,21.369408471172086,USA,PHL,2019
layer2_backend,USA,USA,SGP,Singapore,1388428084,0.04427684221206814,Comtrade,1,21.051438070067686,USA,SGP,2019
layer2_backend,USA,USA,SWE,Sweden,31594406,6.071338464295982e-4,Comtrade,1,17.268490669221027,USA,SWE,2019
layer2_backend,USA,USA,THA,Thailand,858446191,0.043147216550550656,Comtrade,1,20.57063455957574,USA,THA,2019
layer2_backend,USA,USA,VNM,Viet Nam,1076678794,0.01470928273996714,Comtrade,1,20.7971469501553,USA,VNM,2019
layer2_backend,USA,United States,TWN,Chinese Taipei,47495613444,0.06697281612329073,OECD_BTIGE,1,24.583903195196303,USA,TWN,2019
layer2_backend,VNM,Viet Nam,AUT,Austria,2278039.25,1.533149467449033e-5,Comtrade,1,14.638826091841072,VNM,AUT,2019
layer2_backend,VNM,Viet Nam,CAN,Canada,1650300.79,7.854672437668312e-6,Comtrade,1,14.316468732182347,VNM,CAN,2019
layer2_backend,VNM,Viet Nam,CHE,Switzerland,2536938.08,1.408048637712241e-5,Comtrade,1,14.74646882567979,VNM,CHE,2019
layer2_backend,VNM,Viet Nam,CHN,China,5877597151.049999,0.029706555376161715,Comtrade,1,22.494413867727214,VNM,CHN,2019
layer2_backend,VNM,Viet Nam,DEU,Germany,2890307.58,1.945213861895006e-5,Comtrade,1,14.876873829475066,VNM,DEU,2019
layer2_backend,VNM,Viet Nam,FIN,Finland,3852792.09,1.8337517633612407e-5,Comtrade,1,15.164308921154145,VNM,FIN,2019
layer2_backend,VNM,Viet Nam,HKG,"China, Hong Kong SAR",2272644673.9500003,0.01598155115102097,Comtrade,1,21.544210045333816,VNM,HKG,2019
layer2_backend,VNM,Viet Nam,HUN,Hungary,2347144.05,1.5796578791536037e-5,Comtrade,1,14.668710275224287,VNM,HUN,2019
layer2_backend,VNM,Viet Nam,IND,India,71945541.22,0.002193209116453845,Comtrade,1,18.091420032741706,VNM,IND,2019
layer2_backend,VNM,Viet Nam,ISR,Israel,2201726.63,1.0479205718577724e-5,Comtrade,1,14.604752896516171,VNM,ISR,2019
layer2_backend,VNM,Viet Nam,JPN,Japan,237805956.04,0.004260873409093087,Comtrade,1,19.286965592537975,VNM,JPN,2019
layer2_backend,VNM,Viet Nam,KOR,Rep. of Korea,299913523.66,0.004135958562459518,Comtrade,1,19.5190047399348,VNM,KOR,2019
layer2_backend,VNM,Viet Nam,MEX,Mexico,39925788.66,2.0896600945382465e-4,Comtrade,1,17.502533030454604,VNM,MEX,2019
layer2_backend,VNM,Viet Nam,MYS,Malaysia,154590231.62,8.432484798771507e-4,Comtrade,1,18.856288513725897,VNM,MYS,2019
layer2_backend,VNM,Viet Nam,NLD,Netherlands,322666337.86999995,0.0015506901805171327,Comtrade,1,19.592129340673466,VNM,NLD,2019
layer2_backend,VNM,Viet Nam,PHL,Philippines,17810872.58,1.1986944391247685e-4,Comtrade,1,16.69531970403486,VNM,PHL,2019
layer2_backend,VNM,Viet Nam,SGP,Singapore,277782064.41,0.004632106920649504,Comtrade,1,19.44234742684122,VNM,SGP,2019
layer2_backend,VNM,Viet Nam,THA,Thailand,28939976.169999998,0.002086593372422847,Comtrade,1,17.18073449029377,VNM,THA,2019
layer2_backend,VNM,Viet Nam,TWN,Chinese Taipei,8222731377,0.011594743948140385,OECD_BTIGE,1,22.83016827524848,VNM,TWN,2019
layer2_backend,VNM,Viet Nam,USA,USA,410543057.75,0.004742805283274122,Comtrade,1,19.832991374778484,VNM,USA,2019
