layer,reporter_code,reporter,partner_code,partner,trade_value_usd,weight_marketshare,source,weight_binary,weight_log,from,to
layer2_backend,AUT,Austria,BEL,Belgium,2965699.804,8.147293899862455e-5,Comtrade,1,14.902623921338899,AUT,BEL
layer2_backend,AUT,Austria,CAN,Canada,3272273.851,9.753230445940676e-4,Comtrade,1,15.000995974093765,AUT,CAN
layer2_backend,AUT,Austria,CHE,Switzerland,44671060.019,0.0036949871188532097,Comtrade,1,17.614836445430367,AUT,CHE
layer2_backend,AUT,Austria,CHN,China,204681635.07099998,0.018490986930678865,Comtrade,1,19.13696633518073,AUT,CHN
layer2_backend,AUT,Austria,CZE,Czechia,19172980.667,7.557288388765831e-4,Comtrade,1,16.769012641111683,AUT,CZE
layer2_backend,AUT,Austria,DEU,Germany,665563859.389,0.032402400530540866,Comtrade,1,20.31614514970661,AUT,DEU
layer2_backend,AUT,Austria,DNK,Denmark,1125185.62,4.840950583849653e-6,Comtrade,1,13.933459464307798,AUT,DNK
layer2_backend,AUT,Austria,FRA,France,21424650.316,0.0021631985143273297,Comtrade,1,16.880052747683244,AUT,FRA
layer2_backend,AUT,Austria,GBR,United Kingdom,22404146.658,5.98083683227355e-4,Comtrade,1,16.92475666298823,AUT,GBR
layer2_backend,AUT,Austria,HKG,"China, Hong Kong SAR",26412350.915,2.9552678414866777e-4,Comtrade,1,17.08934233426508,AUT,HKG
layer2_backend,AUT,Austria,HUN,Hungary,61411127.676,0.0023608045112361847,Comtrade,1,17.933101625488582,AUT,HUN
layer2_backend,AUT,Austria,IND,India,2412556.525,3.334645911090713e-5,Comtrade,1,14.696197956470586,AUT,IND
layer2_backend,AUT,Austria,IRL,Ireland,1733704.514,7.459016299258319e-6,Comtrade,1,14.365771591449974,AUT,IRL
layer2_backend,AUT,Austria,ITA,Italy,27660545.253000002,0.004494478114320154,Comtrade,1,17.135517632848977,AUT,ITA
layer2_backend,AUT,Austria,JPN,Japan,2596911.643,4.4717833633184167e-4,Comtrade,1,14.76983385242029,AUT,JPN
layer2_backend,AUT,Austria,KOR,Rep. of Korea,34119579.088,2.961401637242545e-4,Comtrade,1,17.345381973595256,AUT,KOR
layer2_backend,AUT,Austria,MEX,Mexico,11719605.661999999,3.0760142449824104e-4,Comtrade,1,16.27677378028715,AUT,MEX
layer2_backend,AUT,Austria,MYS,Malaysia,357165108.02599996,0.009587765261535278,Comtrade,1,19.69370872309716,AUT,MYS
layer2_backend,AUT,Austria,NLD,Netherlands,21885292.75,9.124162572515352e-4,Comtrade,1,16.90132545095251,AUT,NLD
layer2_backend,AUT,Austria,PHL,Philippines,50553570.79,3.105195457761105e-4,Comtrade,1,17.73854415949044,AUT,PHL
layer2_backend,AUT,Austria,SGP,Singapore,70125618.977,0.0032844277101909086,Comtrade,1,18.065798762794792,AUT,SGP
layer2_backend,AUT,Austria,SWE,Sweden,6901549.090000001,6.257840690943404e-4,Comtrade,1,15.74725659506193,AUT,SWE
layer2_backend,AUT,Austria,THA,Thailand,17678033.869,1.238638309976001e-4,Comtrade,1,16.68783345905272,AUT,THA
layer2_backend,AUT,Austria,TWN,Chinese Taipei,2500476217,0.001399914914438277,OECD_BTIGE,1,21.639747037880184,AUT,TWN
layer2_backend,AUT,Austria,USA,USA,48200619.977,0.00426568882119249,Comtrade,1,17.69088246227809,AUT,USA
layer2_backend,BEL,Belgium,AUT,Austria,60045397.787,4.529892710170894e-4,Comtrade,1,17.910611480523766,BEL,AUT
layer2_backend,BEL,Belgium,CAN,Canada,5973979.465,2.0236791376256238e-5,Comtrade,1,15.602924007749499,BEL,CAN
layer2_backend,BEL,Belgium,CHE,Switzerland,47490582.143,1.9652622378909588e-4,Comtrade,1,17.67604199972976,BEL,CHE
layer2_backend,BEL,Belgium,CHN,China,93818053.089,5.463958155876716e-4,Comtrade,1,18.356867869752026,BEL,CHN
layer2_backend,BEL,Belgium,CZE,Czechia,27220394.691999998,9.739671429620292e-5,Comtrade,1,17.119477091893103,BEL,CZE
layer2_backend,BEL,Belgium,DEU,Germany,699648630.5889999,0.007252033270387268,Comtrade,1,20.3660888121133,BEL,DEU
layer2_backend,BEL,Belgium,DNK,Denmark,24244527.222,1.0168859643601136e-4,Comtrade,1,17.00370150955726,BEL,DNK
layer2_backend,BEL,Belgium,FIN,Finland,17554229.639,1.2781764446187423e-4,Comtrade,1,16.680805540876644,BEL,FIN
layer2_backend,BEL,Belgium,FRA,France,133181421.42000002,9.957221246607174e-4,Comtrade,1,18.70722283502221,BEL,FRA
layer2_backend,BEL,Belgium,GBR,United Kingdom,91921651.43800001,8.56010626785964e-4,Comtrade,1,18.3364471682579,BEL,GBR
layer2_backend,BEL,Belgium,HKG,"China, Hong Kong SAR",87891353.928,5.093535799126207e-4,Comtrade,1,18.291612006601316,BEL,HKG
layer2_backend,BEL,Belgium,HUN,Hungary,57766950.5,3.6632216367751965e-4,Comtrade,1,17.871927396761482,BEL,HUN
layer2_backend,BEL,Belgium,IND,India,8135625.627,2.5095037242322415e-5,Comtrade,1,15.911763324187477,BEL,IND
layer2_backend,BEL,Belgium,IRL,Ireland,10511437.884000001,4.380826423605499e-5,Comtrade,1,16.167974639666923,BEL,IRL
layer2_backend,BEL,Belgium,ISR,Israel,96110750.444,8.397133637786732e-4,Comtrade,1,18.381011745351778,BEL,ISR
layer2_backend,BEL,Belgium,ITA,Italy,169572534.01500002,0.0017091268648332725,Comtrade,1,18.948791328438368,BEL,ITA
layer2_backend,BEL,Belgium,JPN,Japan,57884336.845,2.604882105057428e-4,Comtrade,1,17.873957402409953,BEL,JPN
layer2_backend,BEL,Belgium,KOR,Rep. of Korea,41471082.243999995,1.3670066436434283e-4,Comtrade,1,17.54050695302923,BEL,KOR
layer2_backend,BEL,Belgium,MEX,Mexico,24162986.358000003,9.033606271945289e-5,Comtrade,1,17.000332572310832,BEL,MEX
layer2_backend,BEL,Belgium,MYS,Malaysia,63406392,1.9974412936411262e-4,Comtrade,1,17.965075250285995,BEL,MYS
layer2_backend,BEL,Belgium,NLD,Netherlands,68601182.14299999,0.0018483338587205241,Comtrade,1,18.043820339529894,BEL,NLD
layer2_backend,BEL,Belgium,NOR,Norway,15989474.425999999,6.830823642133238e-5,Comtrade,1,16.58744127789301,BEL,NOR
layer2_backend,BEL,Belgium,PHL,Philippines,88939302.38800001,2.8216555074016015e-4,Comtrade,1,18.30346471063477,BEL,PHL
layer2_backend,BEL,Belgium,SGP,Singapore,16068238.088000001,5.6420023965948805e-5,Comtrade,1,16.592355154111623,BEL,SGP
layer2_backend,BEL,Belgium,SWE,Sweden,76491278.215,3.5795574158866864e-4,Comtrade,1,18.152687295109047,BEL,SWE
layer2_backend,BEL,Belgium,THA,Thailand,35112762.391,1.2940202593059248e-4,Comtrade,1,17.374075251712174,BEL,THA
layer2_backend,BEL,Belgium,USA,USA,62336562.199,0.0018463422893583716,Comtrade,1,17.948058700835084,BEL,USA
layer2_backend,BEL,Belgium,VNM,Viet Nam,4324053.140000001,1.863183828147503e-5,Comtrade,1,15.279703978476912,BEL,VNM
layer2_backend,CAN,Canada,BEL,Belgium,2559266.08,1.274011855718725e-4,Comtrade,1,14.755231478589971,CAN,BEL
layer2_backend,CAN,Canada,CHE,Switzerland,1548915.213,4.777762244422257e-6,Comtrade,1,14.253066026909565,CAN,CHE
layer2_backend,CAN,Canada,CHN,China,77470704.687,0.0012272765031156442,Comtrade,1,18.165410431731434,CAN,CHN
layer2_backend,CAN,Canada,DEU,Germany,31331328.98,3.2788190754866906e-4,Comtrade,1,17.260129112713614,CAN,DEU
layer2_backend,CAN,Canada,DNK,Denmark,1173689.362,5.049631013087446e-6,Comtrade,1,13.975663498416091,CAN,DNK
layer2_backend,CAN,Canada,FRA,France,10584687.798,2.259037526996331e-4,Comtrade,1,16.174919061835485,CAN,FRA
layer2_backend,CAN,Canada,GBR,United Kingdom,10934330.400999999,4.31032186639143e-4,Comtrade,1,16.207418067196716,CAN,GBR
layer2_backend,CAN,Canada,HKG,"China, Hong Kong SAR",107150050.183,0.0013921629890045499,Comtrade,1,18.4897407575599,CAN,HKG
layer2_backend,CAN,Canada,IND,India,3321923.1840000004,4.494346998759283e-5,Comtrade,1,15.016054746498796,CAN,IND
layer2_backend,CAN,Canada,ITA,Italy,4263361.085,5.0471341824114504e-5,Comtrade,1,15.265568628804754,CAN,ITA
layer2_backend,CAN,Canada,JPN,Japan,10263870.721,7.140492753657979e-5,Comtrade,1,16.144140687245496,CAN,JPN
layer2_backend,CAN,Canada,KOR,Rep. of Korea,11018309.963000001,8.653971496485181e-5,Comtrade,1,16.215069079796784,CAN,KOR
layer2_backend,CAN,Canada,MEX,Mexico,34854984.742,7.455001178376675e-4,Comtrade,1,17.36670674783642,CAN,MEX
layer2_backend,CAN,Canada,MYS,Malaysia,17738315.247,1.6305273737204728e-4,Comtrade,1,16.691237617545262,CAN,MYS
layer2_backend,CAN,Canada,NLD,Netherlands,78316194.26300001,2.8137119112729285e-4,Comtrade,1,18.176264975627046,CAN,NLD
layer2_backend,CAN,Canada,PHL,Philippines,1454094.003,1.8043177059321635e-4,Comtrade,1,14.189894274005747,CAN,PHL
layer2_backend,CAN,Canada,SGP,Singapore,111337787.097,4.3221846930515377e-4,Comtrade,1,18.528079274319676,CAN,SGP
layer2_backend,CAN,Canada,SWE,Sweden,17411934.055,5.370860872960458e-5,Comtrade,1,16.672666451748448,CAN,SWE
layer2_backend,CAN,Canada,THA,Thailand,31830969.879,7.517147878348408e-4,Comtrade,1,17.275950300803782,CAN,THA
layer2_backend,CAN,Canada,TWN,Chinese Taipei,5434073878,0.003042316905976653,OECD_BTIGE,1,22.415954943551927,CAN,TWN
layer2_backend,CAN,Canada,USA,USA,624434522.036,0.01911236012536609,Comtrade,1,20.25235703501306,CAN,USA
layer2_backend,CAN,Canada,VNM,Viet Nam,1046964.769,4.504416533301026e-6,Comtrade,1,13.86140679495335,CAN,VNM
layer2_backend,CHE,Switzerland,AUT,Austria,20584121.435000002,0.001241911128605462,Comtrade,1,16.840030580992487,CHE,AUT
layer2_backend,CHE,Switzerland,BEL,Belgium,1191527.09,5.931464691901174e-5,Comtrade,1,13.99074715056826,CHE,BEL
layer2_backend,CHE,Switzerland,CAN,Canada,3278018.168,1.0111329082543278e-5,Comtrade,1,15.002749885736783,CHE,CAN
layer2_backend,CHE,Switzerland,CHN,China,188356816.12800002,0.0026533834733446383,Comtrade,1,19.05384868538416,CHE,CHN
layer2_backend,CHE,Switzerland,CZE,Czechia,40937582.32900001,0.019918592533822645,Comtrade,1,17.52755910687523,CHE,CZE
layer2_backend,CHE,Switzerland,DEU,Germany,242594574.02800006,0.014345237946296567,Comtrade,1,19.306902192427,CHE,DEU
layer2_backend,CHE,Switzerland,DNK,Denmark,1522612.778,6.550824224571978e-6,Comtrade,1,14.235939006808447,CHE,DNK
layer2_backend,CHE,Switzerland,FIN,Finland,1366907.724,5.880925446386703e-6,Comtrade,1,14.128062342445347,CHE,FIN
layer2_backend,CHE,Switzerland,FRA,France,66437812.11,0.004148217500841262,Comtrade,1,18.01177692690576,CHE,FRA
layer2_backend,CHE,Switzerland,GBR,United Kingdom,8437281.031,1.125789654775619e-4,Comtrade,1,15.948170780466272,CHE,GBR
layer2_backend,CHE,Switzerland,HKG,"China, Hong Kong SAR",91035550.73,0.0010778541718603801,Comtrade,1,18.326760666537854,CHE,HKG
layer2_backend,CHE,Switzerland,HUN,Hungary,7105655.102,2.5664054207010486e-5,Comtrade,1,15.77640165895154,CHE,HUN
layer2_backend,CHE,Switzerland,IND,India,20296939.024,3.606369912865251e-4,Comtrade,1,16.825980694915952,CHE,IND
layer2_backend,CHE,Switzerland,IRL,Ireland,7388407.915,5.274241768273752e-4,Comtrade,1,15.815422967307764,CHE,IRL
layer2_backend,CHE,Switzerland,ISR,Israel,1845853.995,7.94152343930281e-6,Comtrade,1,14.428453140038739,CHE,ISR
layer2_backend,CHE,Switzerland,ITA,Italy,19466508.929,6.497407498053062e-4,Comtrade,1,16.784206107505465,CHE,ITA
layer2_backend,CHE,Switzerland,JPN,Japan,9295189.292,3.99912256522621e-5,Comtrade,1,16.045007651440226,CHE,JPN
layer2_backend,CHE,Switzerland,KOR,Rep. of Korea,17667456.822,7.601171210986453e-5,Comtrade,1,16.687234964222945,CHE,KOR
layer2_backend,CHE,Switzerland,MEX,Mexico,3422545.557,1.4725013915847221e-5,Comtrade,1,15.045895439266243,CHE,MEX
layer2_backend,CHE,Switzerland,MYS,Malaysia,19565673.263,6.62534699237339e-4,Comtrade,1,16.789287275746855,CHE,MYS
layer2_backend,CHE,Switzerland,NLD,Netherlands,31924978.301,0.0011558272500348324,Comtrade,1,17.278899311519314,CHE,NLD
layer2_backend,CHE,Switzerland,NOR,Norway,1010597.418,4.347951194669597e-6,Comtrade,1,13.82605320643203,CHE,NOR
layer2_backend,CHE,Switzerland,PHL,Philippines,22471566.52,3.0833575796058944e-4,Comtrade,1,16.927761402298003,CHE,PHL
layer2_backend,CHE,Switzerland,SGP,Singapore,5705083.486,8.10175260871509e-5,Comtrade,1,15.556868350283471,CHE,SGP
layer2_backend,CHE,Switzerland,SWE,Sweden,62983628.966,0.003691177100170023,Comtrade,1,17.958385408781552,CHE,SWE
layer2_backend,CHE,Switzerland,THA,Thailand,53645301.89,0.0021609118388206576,Comtrade,1,17.797904472229607,CHE,THA
layer2_backend,CHE,Switzerland,USA,USA,97164601.122,0.004463602081354212,Comtrade,1,18.391917027403004,CHE,USA
layer2_backend,CHE,Switzerland,VNM,Viet Nam,99722421.239,3.265912656157126e-4,Comtrade,1,18.417901106727754,CHE,VNM
layer2_backend,CHN,China,AUT,Austria,32301308,0.0024574827057954832,Comtrade,1,17.290618313687506,CHN,AUT
layer2_backend,CHN,China,BEL,Belgium,133606988,0.007250654271714702,Comtrade,1,18.7104131305728,CHN,BEL
layer2_backend,CHN,China,CAN,Canada,140087833,0.0069144207533862675,Comtrade,1,18.757780169563723,CHN,CAN
layer2_backend,CHN,China,CHE,Switzerland,141870986,0.0018701549379977374,Comtrade,1,18.770428660337345,CHN,CHE
layer2_backend,CHN,China,CZE,Czechia,162845409,0.003052498187425653,Comtrade,1,18.90831190384257,CHN,CZE
layer2_backend,CHN,China,DEU,Germany,2544410528,0.13264086451587082,Comtrade,1,21.657164840867576,CHN,DEU
layer2_backend,CHN,China,DNK,Denmark,39738633,0.002757879625801603,Comtrade,1,17.49783442106989,CHN,DNK
layer2_backend,CHN,China,FIN,Finland,33304307,0.0023726946713773555,Comtrade,1,17.321197315952546,CHN,FIN
layer2_backend,CHN,China,FRA,France,674768341,0.0196677169751681,Comtrade,1,20.329879992894185,CHN,FRA
layer2_backend,CHN,China,GBR,United Kingdom,325383655,0.02786406895251351,Comtrade,1,19.60051552407536,CHN,GBR
layer2_backend,CHN,China,HKG,"China, Hong Kong SAR",66879268152,1.2405874044751979,Comtrade,1,24.926154862974588,CHN,HKG
layer2_backend,CHN,China,HUN,Hungary,141427944,0.005098232311771712,Comtrade,1,18.767300922734858,CHN,HUN
layer2_backend,CHN,China,IND,India,4725572424,0.08679590935555447,Comtrade,1,22.27625453870242,CHN,IND
layer2_backend,CHN,China,IRL,Ireland,23608305,0.0016699552026609556,Comtrade,1,16.977109157228806,CHN,IRL
layer2_backend,CHN,China,ISR,Israel,81730598,0.0036724926252960205,Comtrade,1,18.21893901847561,CHN,ISR
layer2_backend,CHN,China,ITA,Italy,167590846,0.013513627124386186,Comtrade,1,18.93703613234912,CHN,ITA
layer2_backend,CHN,China,JPN,Japan,3973598970,0.10539794757007297,Comtrade,1,22.102938062798252,CHN,JPN
layer2_backend,CHN,China,KOR,Rep. of Korea,24112421526,0.25430318369266375,Comtrade,1,23.905992960719878,CHN,KOR
layer2_backend,CHN,China,MEX,Mexico,1246216958,0.0391363379429545,Comtrade,1,20.943378366551855,CHN,MEX
layer2_backend,CHN,China,MYS,Malaysia,12417904553,0.09456179759572808,Comtrade,1,23.242405183758752,CHN,MYS
layer2_backend,CHN,China,NLD,Netherlands,1156286512,0.029699064806183038,Comtrade,1,20.86847942510312,CHN,NLD
layer2_backend,CHN,China,NOR,Norway,7369473,7.38538024978451e-4,Comtrade,1,15.812856891197905,CHN,NOR
layer2_backend,CHN,China,PHL,Philippines,1620091107,0.027142045108043793,Comtrade,1,21.205748224115496,CHN,PHL
layer2_backend,CHN,China,SGP,Singapore,6929714317,0.18850162598591616,Comtrade,1,22.65908442534467,CHN,SGP
layer2_backend,CHN,China,SWE,Sweden,56713603,0.0023898842182359377,Comtrade,1,17.853524669372774,CHN,SWE
layer2_backend,CHN,China,THA,Thailand,1725771890,0.03749158202942714,Comtrade,1,21.268940260387005,CHN,THA
layer2_backend,CHN,China,USA,USA,3345536027,0.13958511445469216,Comtrade,1,21.93089276522197,CHN,USA
layer2_backend,CHN,China,VNM,Viet Nam,13161517632,0.1425564508863798,Comtrade,1,23.300563077851088,CHN,VNM
layer2_backend,CHN,China (People’s Republic of),TWN,Chinese Taipei,227711053136,0.12748615535723504,OECD_BTIGE,1,26.151343351380774,CHN,TWN
layer2_backend,CZE,Czechia,AUT,Austria,19116039,0.004323255975967773,Comtrade,1,16.766038331165966,CZE,AUT
layer2_backend,CZE,Czechia,BEL,Belgium,28122177,7.267518005110204e-4,Comtrade,1,17.15206907567691,CZE,BEL
layer2_backend,CZE,Czechia,CAN,Canada,5383546,1.6606010841673144e-5,Comtrade,1,15.498858008579663,CZE,CAN
layer2_backend,CZE,Czechia,CHE,Switzerland,17013549,0.008406908188375695,Comtrade,1,16.649520643361328,CZE,CHE
layer2_backend,CZE,Czechia,CHN,China,39360491,0.009782880953536705,Comtrade,1,17.4882731300702,CZE,CHN
layer2_backend,CZE,Czechia,DEU,Germany,431812521,0.01876014072470735,Comtrade,1,19.883502075161324,CZE,DEU
layer2_backend,CZE,Czechia,DNK,Denmark,9451729,1.0046543882261733e-4,Comtrade,1,16.06170835149795,CZE,DNK
layer2_backend,CZE,Czechia,FIN,Finland,14613003,7.798760639968113e-4,Comtrade,1,16.497422375185625,CZE,FIN
layer2_backend,CZE,Czechia,FRA,France,131370012,0.008178049069120423,Comtrade,1,18.69352842640283,CZE,FRA
layer2_backend,CZE,Czechia,GBR,United Kingdom,26835164,3.133223844834834e-4,Comtrade,1,17.10522371226058,CZE,GBR
layer2_backend,CZE,Czechia,HKG,"China, Hong Kong SAR",17542432,1.1027424904396538e-4,Comtrade,1,16.68013324680529,CZE,HKG
layer2_backend,CZE,Czechia,HUN,Hungary,43480218,0.00206722864825107,Comtrade,1,17.587816657003128,CZE,HUN
layer2_backend,CZE,Czechia,IRL,Ireland,7072584,2.1815993878875376e-5,Comtrade,1,15.771736600466692,CZE,IRL
layer2_backend,CZE,Czechia,ISR,Israel,6910598,6.637702896035953e-4,Comtrade,1,15.748566877949216,CZE,ISR
layer2_backend,CZE,Czechia,ITA,Italy,75548384,0.007542660443536003,Comtrade,1,18.140283869882733,CZE,ITA
layer2_backend,CZE,Czechia,JPN,Japan,5212006,1.1295008232835947e-4,Comtrade,1,15.466475560280461,CZE,JPN
layer2_backend,CZE,Czechia,KOR,Rep. of Korea,4565556,1.347225818978858e-4,Comtrade,1,15.334051079902004,CZE,KOR
layer2_backend,CZE,Czechia,MYS,Malaysia,8385892,3.6079103795780935e-5,Comtrade,1,15.942061447270603,CZE,MYS
layer2_backend,CZE,Czechia,NLD,Netherlands,191864747,0.004768994847050689,Comtrade,1,19.07230124425938,CZE,NLD
layer2_backend,CZE,Czechia,NOR,Norway,6957420,2.146076061207122e-5,Comtrade,1,15.755319417664467,CZE,NOR
layer2_backend,CZE,Czechia,PHL,Philippines,3650039,1.570377199463676e-5,Comtrade,1,15.110248684402736,CZE,PHL
layer2_backend,CZE,Czechia,SGP,Singapore,39859617,1.3985474341507656e-4,Comtrade,1,17.500874289160603,CZE,SGP
layer2_backend,CZE,Czechia,SWE,Sweden,24814655,0.0019615396804187396,Comtrade,1,17.026945004324478,CZE,SWE
layer2_backend,CZE,Czechia,USA,USA,42663320,0.002426563125084216,Comtrade,1,17.56885011607874,CZE,USA
layer2_backend,DEU,Germany,AUT,Austria,934127041.009,0.038232807220376946,Comtrade,1,20.65512300622492,DEU,AUT
layer2_backend,DEU,Germany,BEL,Belgium,230540334.477,0.003994068327342687,Comtrade,1,19.255936396315228,DEU,BEL
layer2_backend,DEU,Germany,CAN,Canada,100465752.01799999,8.693920847968385e-4,Comtrade,1,18.42532746139943,DEU,CAN
layer2_backend,DEU,Germany,CHE,Switzerland,495197574.913,0.024706410231692056,Comtrade,1,20.02046738415507,DEU,CHE
layer2_backend,DEU,Germany,CHN,China,2735593474.5900006,0.12401457076628668,Comtrade,1,21.72961424218391,DEU,CHN
layer2_backend,DEU,Germany,CZE,Czechia,1027773598.653,0.032934896864010965,Comtrade,1,20.750660745923778,DEU,CZE
layer2_backend,DEU,Germany,DNK,Denmark,197362913.227,0.006756705484750166,Comtrade,1,19.100554796123177,DEU,DNK
layer2_backend,DEU,Germany,FIN,Finland,126116629.475,0.01043630992379157,Comtrade,1,18.652717675466917,DEU,FIN
layer2_backend,DEU,Germany,FRA,France,1176717505.288,0.03319900411459367,Comtrade,1,20.88599462476719,DEU,FRA
layer2_backend,DEU,Germany,GBR,United Kingdom,617236830.8089999,0.030470358557010795,Comtrade,1,20.240763352319227,DEU,GBR
layer2_backend,DEU,Germany,HKG,"China, Hong Kong SAR",931278073.105,0.03315123683906803,Comtrade,1,20.652068473893575,DEU,HKG
layer2_backend,DEU,Germany,HUN,Hungary,2238752078.0680003,0.0669341923124361,Comtrade,1,21.529184440012354,DEU,HUN
layer2_backend,DEU,Germany,IND,India,113872051.00999999,0.007320720328523741,Comtrade,1,18.550586025261985,DEU,IND
layer2_backend,DEU,Germany,IRL,Ireland,153461295.017,0.007875804820001334,Comtrade,1,18.848958949986354,DEU,IRL
layer2_backend,DEU,Germany,ISR,Israel,176540323.244,0.004284527339599295,Comtrade,1,18.98905987421492,DEU,ISR
layer2_backend,DEU,Germany,ITA,Italy,829357051.2309998,0.03723426450566132,Comtrade,1,20.536161322703258,DEU,ITA
layer2_backend,DEU,Germany,JPN,Japan,417569420.96999997,0.007238081547747124,Comtrade,1,19.849961368599836,DEU,JPN
layer2_backend,DEU,Germany,KOR,Rep. of Korea,699110488.506,0.011729344450176262,Comtrade,1,20.365319355669463,DEU,KOR
layer2_backend,DEU,Germany,MEX,Mexico,318746338.5,0.006345993332034319,Comtrade,1,19.5799061704494,DEU,MEX
layer2_backend,DEU,Germany,MYS,Malaysia,1504533023.588,0.03347261679200278,Comtrade,1,21.131748404333845,DEU,MYS
layer2_backend,DEU,Germany,NLD,Netherlands,1812363438.8509998,0.05556971011718517,Comtrade,1,21.317897598324155,DEU,NLD
layer2_backend,DEU,Germany,NOR,Norway,39680017.635000005,0.0014354000605245627,Comtrade,1,17.49635831001289,DEU,NOR
layer2_backend,DEU,Germany,PHL,Philippines,341163092.81299996,0.011245673879787756,Comtrade,1,19.647871201884442,DEU,PHL
layer2_backend,DEU,Germany,SGP,Singapore,825765669.0669999,0.013966970958718376,Comtrade,1,20.531821598824113,DEU,SGP
layer2_backend,DEU,Germany,SWE,Sweden,334735667.446,0.009885012944644628,Comtrade,1,19.628851728911076,DEU,SWE
layer2_backend,DEU,Germany,THA,Thailand,372859103.612,0.005746993553743482,Comtrade,1,19.73671117062335,DEU,THA
layer2_backend,DEU,Germany,TWN,Chinese Taipei,37794510223,0.021159608791859037,OECD_BTIGE,1,24.355429696855428,DEU,TWN
layer2_backend,DEU,Germany,USA,USA,943781606.201,0.05704026534145108,Comtrade,1,20.6654053490406,DEU,USA
layer2_backend,DEU,Germany,VNM,Viet Nam,21036795.247,2.8923846271908764e-4,Comtrade,1,16.861783664610307,DEU,VNM
layer2_backend,DNK,Denmark,AUT,Austria,10544284.509,3.252475280681918e-5,Comtrade,1,16.171094613222014,DNK,AUT
layer2_backend,DNK,Denmark,BEL,Belgium,1207635.646,3.725056056039449e-6,Comtrade,1,14.004175822495492,DNK,BEL
layer2_backend,DNK,Denmark,CAN,Canada,5081608.954,2.400985304323301e-5,Comtrade,1,15.441138689424845,DNK,CAN
layer2_backend,DNK,Denmark,CHE,Switzerland,2191626.476,9.429160202538453e-6,Comtrade,1,14.60015496552711,DNK,CHE
layer2_backend,DNK,Denmark,CHN,China,16334627.224999998,2.4036054113431887e-4,Comtrade,1,16.608797843346004,DNK,CHN
layer2_backend,DNK,Denmark,DEU,Germany,53478922.16000001,6.982893527076299e-4,Comtrade,1,17.794798174617586,DNK,DEU
layer2_backend,DNK,Denmark,FIN,Finland,4525904.551,1.0087431662342654e-4,Comtrade,1,15.325328236862429,DNK,FIN
layer2_backend,DNK,Denmark,FRA,France,39844378.911,9.019403474727003e-4,Comtrade,1,17.500491922163086,DNK,FRA
layer2_backend,DNK,Denmark,GBR,United Kingdom,9599469.838,0.003299542024446578,Comtrade,1,16.07721853387718,DNK,GBR
layer2_backend,DNK,Denmark,HKG,"China, Hong Kong SAR",6024367.672,2.443117610099497e-5,Comtrade,1,15.6113232471204,DNK,HKG
layer2_backend,DNK,Denmark,HUN,Hungary,24782994.777,3.447308696646088e-4,Comtrade,1,17.025668321813672,DNK,HUN
layer2_backend,DNK,Denmark,ISR,Israel,1072181.137,4.612906358643949e-6,Comtrade,1,13.885206510098758,DNK,ISR
layer2_backend,DNK,Denmark,ITA,Italy,2499057.55,8.933624003622778e-6,Comtrade,1,14.731424638914374,DNK,ITA
layer2_backend,DNK,Denmark,JPN,Japan,1020020.393,4.388492200097528e-6,Comtrade,1,13.835334158569925,DNK,JPN
layer2_backend,DNK,Denmark,MEX,Mexico,39427291.463,1.6772519653336887e-4,Comtrade,1,17.489968836567392,DNK,MEX
layer2_backend,DNK,Denmark,NLD,Netherlands,3462856.537,9.395774208470473e-5,Comtrade,1,15.057604683930201,DNK,NLD
layer2_backend,DNK,Denmark,NOR,Norway,19979220.261,5.144653122589277e-4,Comtrade,1,16.810203354499176,DNK,NOR
layer2_backend,DNK,Denmark,SGP,Singapore,1746470.06,7.513938239481711e-6,Comtrade,1,14.37310777280831,DNK,SGP
layer2_backend,DNK,Denmark,SWE,Sweden,18844752.478,7.052672510210623e-4,Comtrade,1,16.751745103037713,DNK,SWE
layer2_backend,DNK,Denmark,THA,Thailand,4558693.085,2.0997172670801115e-5,Comtrade,1,15.33254675560617,DNK,THA
layer2_backend,DNK,Denmark,TWN,Chinese Taipei,2240913452,0.0012545962813371417,OECD_BTIGE,1,21.530149411206853,DNK,TWN
layer2_backend,DNK,Denmark,USA,USA,34807282.852,0.001781163432344206,Comtrade,1,17.365337228935193,DNK,USA
layer2_backend,FIN,Finland,BEL,Belgium,6639844.391,0.0019790499028930334,Comtrade,1,15.708599236693576,FIN,BEL
layer2_backend,FIN,Finland,CHN,China,153988341.577,0.002566935197191363,Comtrade,1,18.852387459960752,FIN,CHN
layer2_backend,FIN,Finland,DEU,Germany,1294886.513,3.994188862436456e-6,Comtrade,1,14.073934386794743,FIN,DEU
layer2_backend,FIN,Finland,FRA,France,5826719.202,1.7973016714224618e-5,Comtrade,1,15.577964827467614,FIN,FRA
layer2_backend,FIN,Finland,HKG,"China, Hong Kong SAR",2369764.841,7.309743548557369e-6,Comtrade,1,14.678301706964325,FIN,HKG
layer2_backend,FIN,Finland,HUN,Hungary,14603494.116999999,5.253383595471382e-5,Comtrade,1,16.496771449604317,FIN,HUN
layer2_backend,FIN,Finland,IND,India,187207656.755,8.072765777860597e-4,Comtrade,1,19.047729027982,FIN,IND
layer2_backend,FIN,Finland,JPN,Japan,3726806.497,1.9982142094203594e-5,Comtrade,1,15.131062526201763,FIN,JPN
layer2_backend,FIN,Finland,MEX,Mexico,104413241.459,4.894180971276482e-4,Comtrade,1,18.46386706884587,FIN,MEX
layer2_backend,FIN,Finland,MYS,Malaysia,5727098.695,0.001049947835958543,Comtrade,1,15.560719799116917,FIN,MYS
layer2_backend,FIN,Finland,NLD,Netherlands,2068555.023,6.38063594859883e-6,Comtrade,1,14.542361348394047,FIN,NLD
layer2_backend,FIN,Finland,NOR,Norway,4690053.246,0.0013979016486652266,Comtrade,1,15.360954706666874,FIN,NOR
layer2_backend,FIN,Finland,SGP,Singapore,4749304.08,0.0014155617548919587,Comtrade,1,15.373508866360721,FIN,SGP
layer2_backend,FIN,Finland,SWE,Sweden,11463323.111,0.003416719903919209,Comtrade,1,16.25466328923289,FIN,SWE
layer2_backend,FIN,Finland,THA,Thailand,5043574.307,8.218793405298395e-4,Comtrade,1,15.433625774861538,FIN,THA
layer2_backend,FIN,Finland,TWN,Chinese Taipei,893829313,5.004186713409636e-4,OECD_BTIGE,1,20.611025390972134,FIN,TWN
layer2_backend,FIN,Finland,USA,USA,5804853.699,8.258653766177187e-4,Comtrade,1,15.574205142482175,FIN,USA
layer2_backend,FIN,Finland,VNM,Viet Nam,311013644.865,0.0012002344456555952,Comtrade,1,19.555347346560346,FIN,VNM
layer2_backend,FRA,France,AUT,Austria,60510539.695,0.001127605461865793,Comtrade,1,17.918328134189057,FRA,AUT
layer2_backend,FRA,France,BEL,Belgium,2727290361.2739997,0.01664755374596086,Comtrade,1,21.726574411956424,FRA,BEL
layer2_backend,FRA,France,CAN,Canada,8939692.425,4.962726566795001e-4,Comtrade,1,16.0060118540561,FRA,CAN
layer2_backend,FRA,France,CHE,Switzerland,31034815.886,0.005532413978873744,Comtrade,1,17.25062025757082,FRA,CHE
layer2_backend,FRA,France,CHN,China,157285398.035,0.022775956743538252,Comtrade,1,18.873572541310832,FRA,CHN
layer2_backend,FRA,France,CZE,Czechia,138865054.204,0.004217228828510209,Comtrade,1,18.749013193667803,FRA,CZE
layer2_backend,FRA,France,DEU,Germany,3353414128.945,0.054291209972927315,Comtrade,1,21.933244807076626,FRA,DEU
layer2_backend,FRA,France,DNK,Denmark,12800065.293,4.0566831772602234e-4,Comtrade,1,16.36496090801706,FRA,DNK
layer2_backend,FRA,France,FIN,Finland,45959340.5,1.9556995179254664e-4,Comtrade,1,17.643267683165945,FRA,FIN
layer2_backend,FRA,France,GBR,United Kingdom,84805227.84300001,0.01029182130852917,Comtrade,1,18.255867759745612,FRA,GBR
layer2_backend,FRA,France,HKG,"China, Hong Kong SAR",147821624.131,0.025210259418483063,Comtrade,1,18.81151686924651,FRA,HKG
layer2_backend,FRA,France,HUN,Hungary,265534912.974,0.003586000351167597,Comtrade,1,19.397256892727473,FRA,HUN
layer2_backend,FRA,France,IND,India,40370936.395,7.608222006793581e-4,Comtrade,1,17.513620712648716,FRA,IND
layer2_backend,FRA,France,IRL,Ireland,33048279.07,0.001089799496175671,Comtrade,1,17.313480082665773,FRA,IRL
layer2_backend,FRA,France,ISR,Israel,12301814.156,0.0010095531388225746,Comtrade,1,16.32525738311326,FRA,ISR
layer2_backend,FRA,France,ITA,Italy,310375453.62600005,0.008289556348896417,Comtrade,1,19.553293266555123,FRA,ITA
layer2_backend,FRA,France,JPN,Japan,23538252.187000003,6.215527931944669e-4,Comtrade,1,16.974137450883262,FRA,JPN
layer2_backend,FRA,France,KOR,Rep. of Korea,242511298.10400003,0.0015044589847888598,Comtrade,1,19.30655886149963,FRA,KOR
layer2_backend,FRA,France,MEX,Mexico,23187114.558,3.741320833974915e-4,Comtrade,1,16.95910731848559,FRA,MEX
layer2_backend,FRA,France,MYS,Malaysia,116210152.27000001,9.637349995629014e-4,Comtrade,1,18.570910776103617,FRA,MYS
layer2_backend,FRA,France,NLD,Netherlands,873320714.571,0.013788482826909445,Comtrade,1,20.58781341812747,FRA,NLD
layer2_backend,FRA,France,NOR,Norway,2253733.862,6.717404080709339e-4,Comtrade,1,14.628099336671783,FRA,NOR
layer2_backend,FRA,France,PHL,Philippines,38439731.319,1.2992814382287884e-4,Comtrade,1,17.4646021784365,FRA,PHL
layer2_backend,FRA,France,SGP,Singapore,511253682.186,0.002716694001650412,Comtrade,1,20.05237646957113,FRA,SGP
layer2_backend,FRA,France,SWE,Sweden,69673006.906,0.009166601766014245,Comtrade,1,18.059323539692834,FRA,SWE
layer2_backend,FRA,France,THA,Thailand,15336923.802,1.0557349308193165e-4,Comtrade,1,16.545773864575974,FRA,THA
layer2_backend,FRA,France,TWN,Chinese Taipei,9717562235,0.00544046778460467,OECD_BTIGE,1,22.997200625198058,FRA,TWN
layer2_backend,FRA,France,USA,USA,228330509.23199993,0.010050605590135316,Comtrade,1,19.24630474353451,FRA,USA
layer2_backend,FRA,France,VNM,Viet Nam,6112461.229,2.476996980096716e-5,Comtrade,1,15.625840233441469,FRA,VNM
layer2_backend,GBR,United Kingdom,AUT,Austria,14769147.811999999,7.986061881159224e-4,Comtrade,1,16.50805102332762,GBR,AUT
layer2_backend,GBR,United Kingdom,BEL,Belgium,20710096.645999998,0.001135605010716335,Comtrade,1,16.84613194828098,GBR,BEL
layer2_backend,GBR,United Kingdom,CAN,Canada,24915831.606000002,4.2303580299095595e-4,Comtrade,1,17.031014007000003,GBR,CAN
layer2_backend,GBR,United Kingdom,CHE,Switzerland,55979113.519999996,0.0010594418425098455,Comtrade,1,17.84048922413441,GBR,CHE
layer2_backend,GBR,United Kingdom,CHN,China,180879120.125,0.006655487533327632,Comtrade,1,19.01333952703784,GBR,CHN
layer2_backend,GBR,United Kingdom,CZE,Czechia,20511997.72,5.269411961453966e-4,Comtrade,1,16.836520576300035,GBR,CZE
layer2_backend,GBR,United Kingdom,DEU,Germany,637792762.162,0.015677145605603113,Comtrade,1,20.273523965912673,GBR,DEU
layer2_backend,GBR,United Kingdom,DNK,Denmark,15767890.919,0.002645511971590605,Comtrade,1,16.573486273339146,GBR,DNK
layer2_backend,GBR,United Kingdom,FIN,Finland,6306932.283,2.425239351429921e-5,Comtrade,1,15.657160107343445,GBR,FIN
layer2_backend,GBR,United Kingdom,FRA,France,85950824.96299998,0.005513267688293145,Comtrade,1,18.269285899554987,GBR,FRA
layer2_backend,GBR,United Kingdom,HKG,"China, Hong Kong SAR",260279586.72,0.01100453905152372,Comtrade,1,19.377266948603328,GBR,HKG
layer2_backend,GBR,United Kingdom,HUN,Hungary,12521644.867999999,1.844781137735964e-4,Comtrade,1,16.342969374101667,GBR,HUN
layer2_backend,GBR,United Kingdom,IND,India,28243842.552,0.0020338203830787133,Comtrade,1,17.156386064444273,GBR,IND
layer2_backend,GBR,United Kingdom,IRL,Ireland,51069364.277,0.0032540044362106973,Comtrade,1,17.748695370056286,GBR,IRL
layer2_backend,GBR,United Kingdom,ISR,Israel,38220728.852,3.041297466182438e-4,Comtrade,1,17.458888592669428,GBR,ISR
layer2_backend,GBR,United Kingdom,ITA,Italy,45548916.21299999,0.0025472532249077415,Comtrade,1,17.634297409993625,GBR,ITA
layer2_backend,GBR,United Kingdom,JPN,Japan,24245692.511,0.0014339401347088381,Comtrade,1,17.00374957240204,GBR,JPN
layer2_backend,GBR,United Kingdom,KOR,Rep. of Korea,14364074.097,0.0033872071259737195,Comtrade,1,16.480240862454238,GBR,KOR
layer2_backend,GBR,United Kingdom,MEX,Mexico,31265794.735,4.704919945535818e-4,Comtrade,1,17.25803526996303,GBR,MEX
layer2_backend,GBR,United Kingdom,MYS,Malaysia,73477369.318,6.176905634609317e-4,Comtrade,1,18.112488029946253,GBR,MYS
layer2_backend,GBR,United Kingdom,NLD,Netherlands,160898848.136,0.007764877614415055,Comtrade,1,18.89628645927078,GBR,NLD
layer2_backend,GBR,United Kingdom,NOR,Norway,10382960.874,3.0047228479927453e-4,Comtrade,1,16.155676739315062,GBR,NOR
layer2_backend,GBR,United Kingdom,PHL,Philippines,140201047.778,0.005149023647462968,Comtrade,1,18.758588013121663,GBR,PHL
layer2_backend,GBR,United Kingdom,SGP,Singapore,55168436.08200001,0.0012731901504011158,Comtrade,1,17.825901555719188,GBR,SGP
layer2_backend,GBR,United Kingdom,SWE,Sweden,23595905.891,0.0020440303645696874,Comtrade,1,16.9765838181319,GBR,SWE
layer2_backend,GBR,United Kingdom,THA,Thailand,276096010.75299996,0.0016774594296249726,Comtrade,1,19.436259231859438,GBR,THA
layer2_backend,GBR,United Kingdom,USA,USA,365699940.2649999,0.028387016100208617,Comtrade,1,19.717323722509807,GBR,USA
layer2_backend,GBR,United Kingdom,VNM,Viet Nam,1105269.445,3.4092987013838202e-6,Comtrade,1,13.91560060959476,GBR,VNM
layer2_backend,HKG,"China, Hong Kong SAR",AUT,Austria,131963311.558,9.94604724053345e-4,Comtrade,1,18.69803450675284,HKG,AUT
layer2_backend,HKG,"China, Hong Kong SAR",BEL,Belgium,94571462.14199997,0.00877891409642627,Comtrade,1,18.36486633039575,HKG,BEL
layer2_backend,HKG,"China, Hong Kong SAR",CAN,Canada,230081703.38599998,0.0033285397134834045,Comtrade,1,19.253945040266807,HKG,CAN
layer2_backend,HKG,"China, Hong Kong SAR",CHE,Switzerland,91708251.49,0.0021461249541535185,Comtrade,1,18.334122927615823,HKG,CHE
layer2_backend,HKG,"China, Hong Kong SAR",CHN,China,186361687302.42902,2.2142455369546115,Comtrade,1,25.95095517785396,HKG,CHN
layer2_backend,HKG,"China, Hong Kong SAR",CZE,Czechia,135619573.181,0.0015863208237127395,Comtrade,1,18.725364275420027,HKG,CZE
layer2_backend,HKG,"China, Hong Kong SAR",DEU,Germany,1992307841.8270001,0.06495963155187057,Comtrade,1,21.412559523740594,HKG,DEU
layer2_backend,HKG,"China, Hong Kong SAR",DNK,Denmark,54048729.063,2.1621693277208283e-4,Comtrade,1,17.805396606176796,HKG,DNK
layer2_backend,HKG,"China, Hong Kong SAR",FIN,Finland,59308068.743,3.0556461049270064e-4,Comtrade,1,17.898255938065272,HKG,FIN
layer2_backend,HKG,"China, Hong Kong SAR",FRA,France,339819155.49099994,0.00881512351305363,Comtrade,1,19.643924141395864,HKG,FRA
layer2_backend,HKG,"China, Hong Kong SAR",GBR,United Kingdom,502839091.81999993,0.006611584591754348,Comtrade,1,20.035780781896637,HKG,GBR
layer2_backend,HKG,"China, Hong Kong SAR",HUN,Hungary,479026316.138,0.0038521595210404677,Comtrade,1,19.987266095698928,HKG,HUN
layer2_backend,HKG,"China, Hong Kong SAR",IND,India,6497468649.846,0.06760506780540755,Comtrade,1,22.594678499665818,HKG,IND
layer2_backend,HKG,"China, Hong Kong SAR",IRL,Ireland,31506852.222,3.381347509209834e-4,Comtrade,1,17.265715642735724,HKG,IRL
layer2_backend,HKG,"China, Hong Kong SAR",ISR,Israel,213177173.544,0.001996401532103963,Comtrade,1,19.177634183286226,HKG,ISR
layer2_backend,HKG,"China, Hong Kong SAR",ITA,Italy,156553632.974,0.0035011302778012333,Comtrade,1,18.868909218332174,HKG,ITA
layer2_backend,HKG,"China, Hong Kong SAR",JPN,Japan,1970122344.6739998,0.03753187171406383,Comtrade,1,21.401361482170955,HKG,JPN
layer2_backend,HKG,"China, Hong Kong SAR",KOR,Rep. of Korea,3469861473.263,0.041919521969691995,Comtrade,1,21.967380509146643,HKG,KOR
layer2_backend,HKG,"China, Hong Kong SAR",MEX,Mexico,1001854386.3099998,0.02188021612428277,Comtrade,1,20.725118507002904,HKG,MEX
layer2_backend,HKG,"China, Hong Kong SAR",MYS,Malaysia,1533908305.595,0.02268301600174065,Comtrade,1,21.151084764046917,HKG,MYS
layer2_backend,HKG,"China, Hong Kong SAR",NLD,Netherlands,1090550277.2629998,0.020150733836576642,Comtrade,1,20.80994824824051,HKG,NLD
layer2_backend,HKG,"China, Hong Kong SAR",NOR,Norway,14737076.152,2.5485381233755793e-4,Comtrade,1,16.505877131439888,HKG,NOR
layer2_backend,HKG,"China, Hong Kong SAR",PHL,Philippines,745629412.5649999,0.01101226810826882,Comtrade,1,20.429739270081416,HKG,PHL
layer2_backend,HKG,"China, Hong Kong SAR",SGP,Singapore,3064441332.175,0.05458663813406435,Comtrade,1,21.84313111669474,HKG,SGP
layer2_backend,HKG,"China, Hong Kong SAR",SWE,Sweden,157532171.06699997,0.001337852043739455,Comtrade,1,18.87514026246234,HKG,SWE
layer2_backend,HKG,"China, Hong Kong SAR",THA,Thailand,1506929767.382,0.028202031548800466,Comtrade,1,21.133340151909564,HKG,THA
layer2_backend,HKG,"China, Hong Kong SAR",USA,USA,4107862064.8490005,0.0944916156468514,Comtrade,1,22.13616855148917,HKG,USA
layer2_backend,HKG,"China, Hong Kong SAR",VNM,Viet Nam,5294724204.198,0.07186017536315682,Comtrade,1,22.389976728750536,HKG,VNM
layer2_backend,HUN,Hungary,AUT,Austria,16905466,4.4121981263379664e-4,Comtrade,1,16.64314761870559,HUN,AUT
layer2_backend,HUN,Hungary,BEL,Belgium,1099964,3.0217926895976237e-5,Comtrade,1,13.910788919080572,HUN,BEL
layer2_backend,HUN,Hungary,CAN,Canada,5729256,7.428279483610987e-5,Comtrade,1,15.561096411871379,HUN,CAN
layer2_backend,HUN,Hungary,CHE,Switzerland,1043421,3.608984874322084e-5,Comtrade,1,13.858016254262848,HUN,CHE
layer2_backend,HUN,Hungary,CHN,China,105225655,0.0017333711704216306,Comtrade,1,18.471617706861394,HUN,CHN
layer2_backend,HUN,Hungary,CZE,Czechia,8255075,9.34666430441483e-5,Comtrade,1,15.926338841835475,HUN,CZE
layer2_backend,HUN,Hungary,DEU,Germany,494009899,0.0649761352376968,Comtrade,1,20.018066115437218,HUN,DEU
layer2_backend,HUN,Hungary,DNK,Denmark,1245324,6.677095025285934e-6,Comtrade,1,14.03490709799155,HUN,DNK
layer2_backend,HUN,Hungary,FIN,Finland,8111392,8.66611708485124e-5,Comtrade,1,15.908780174597217,HUN,FIN
layer2_backend,HUN,Hungary,FRA,France,23876726,3.194118820769089e-4,Comtrade,1,16.988414776793547,HUN,FRA
layer2_backend,HUN,Hungary,GBR,United Kingdom,7234026,5.149751195873127e-5,Comtrade,1,15.79430642386211,HUN,GBR
layer2_backend,HUN,Hungary,HKG,"China, Hong Kong SAR",90052581,0.002825669061363395,Comtrade,1,18.315904302134644,HUN,HKG
layer2_backend,HUN,Hungary,IND,India,7049881,1.0347359791063084e-4,Comtrade,1,15.768521437059723,HUN,IND
layer2_backend,HUN,Hungary,ISR,Israel,3337881,1.2895811993424211e-5,Comtrade,1,15.020847032069787,HUN,ISR
layer2_backend,HUN,Hungary,ITA,Italy,10155714,1.8052349459588173e-4,Comtrade,1,16.13354715918373,HUN,ITA
layer2_backend,HUN,Hungary,JPN,Japan,7871193,2.2038051774276424e-4,Comtrade,1,15.878720324260813,HUN,JPN
layer2_backend,HUN,Hungary,KOR,Rep. of Korea,12540504,4.2539794452524653e-4,Comtrade,1,16.344474363490566,HUN,KOR
layer2_backend,HUN,Hungary,MEX,Mexico,43060225,1.964351908347392e-4,Comtrade,1,17.578110298377197,HUN,MEX
layer2_backend,HUN,Hungary,MYS,Malaysia,3440732,9.452290079006777e-5,Comtrade,1,15.051195088046313,HUN,MYS
layer2_backend,HUN,Hungary,NLD,Netherlands,24376166,5.425444125157199e-4,Comtrade,1,17.0091164506252,HUN,NLD
layer2_backend,HUN,Hungary,SGP,Singapore,11512975,0.002417321671866694,Comtrade,1,16.25898530505361,HUN,SGP
layer2_backend,HUN,Hungary,SWE,Sweden,12466610,2.3498307178783145e-4,Comtrade,1,16.33856450846604,HUN,SWE
layer2_backend,HUN,Hungary,THA,Thailand,6796818,1.1084238194431e-4,Comtrade,1,15.731965266578886,HUN,THA
layer2_backend,HUN,Hungary,USA,USA,13421490,3.9948735761714306e-4,Comtrade,1,16.41236778616794,HUN,USA
layer2_backend,HUN,Hungary,VNM,Viet Nam,1095569,4.7135293021231286e-6,Comtrade,1,13.906785333739862,HUN,VNM
layer2_backend,IND,India,AUT,Austria,4627125.91,0.005770018693776446,Comtrade,1,15.347446695652176,IND,AUT
layer2_backend,IND,India,BEL,Belgium,27588428.655,0.009180816414173539,Comtrade,1,17.132907027393486,IND,BEL
layer2_backend,IND,India,CAN,Canada,1051090.885,3.1328464816292453e-4,Comtrade,1,13.86534007229834,IND,CAN
layer2_backend,IND,India,CHN,China,30650751.586999997,0.007254854734344158,Comtrade,1,17.238167774270167,IND,CHN
layer2_backend,IND,India,DEU,Germany,31001472.875,0.01760749790915944,Comtrade,1,17.24954530567406,IND,DEU
layer2_backend,IND,India,FRA,France,106015098.658,0.030682331405379272,Comtrade,1,18.479092091535133,IND,FRA
layer2_backend,IND,India,GBR,United Kingdom,11975966.197,0.0016518315993261522,Comtrade,1,16.298412466016394,IND,GBR
layer2_backend,IND,India,HKG,"China, Hong Kong SAR",97633422.27999999,0.0016800546140742563,Comtrade,1,18.396730444399484,IND,HKG
layer2_backend,IND,India,HUN,Hungary,2964616.118,9.144613493951188e-6,Comtrade,1,14.902258448180017,IND,HUN
layer2_backend,IND,India,IRL,Ireland,5180674.414,2.2289112465895408e-5,Comtrade,1,15.460445994538873,IND,IRL
layer2_backend,IND,India,JPN,Japan,2274360.4,7.015460341617229e-6,Comtrade,1,14.63720986766594,IND,JPN
layer2_backend,IND,India,KOR,Rep. of Korea,10883151.552000001,3.467912835003152e-4,Comtrade,1,16.20272651403838,IND,KOR
layer2_backend,IND,India,MEX,Mexico,6194461.296,3.826302332792772e-4,Comtrade,1,15.639166272829602,IND,MEX
layer2_backend,IND,India,MYS,Malaysia,181346786.98000002,0.020515136427370385,Comtrade,1,19.01592171181866,IND,MYS
layer2_backend,IND,India,NLD,Netherlands,19374998.477,4.701996105392562e-4,Comtrade,1,16.779494106210137,IND,NLD
layer2_backend,IND,India,SGP,Singapore,149790046.912,0.0037773301842294583,Comtrade,1,18.824745191005988,IND,SGP
layer2_backend,IND,India,TWN,Chinese Taipei,7188485817,0.004024540781083671,OECD_BTIGE,1,22.695746390951637,IND,TWN
layer2_backend,IND,India,USA,USA,41482819.331,0.014089914632963435,Comtrade,1,17.540789931564838,IND,USA
layer2_backend,IND,India,VNM,Viet Nam,28195405.361,2.8650438004654294e-4,Comtrade,1,17.15466962763951,IND,VNM
layer2_backend,IRL,Ireland,AUT,Austria,1373784.076,4.094655058315802e-4,Comtrade,1,14.133080317404033,IRL,AUT
layer2_backend,IRL,Ireland,BEL,Belgium,2311948.259,1.933171629852343e-4,Comtrade,1,14.653601561734263,IRL,BEL
layer2_backend,IRL,Ireland,CHE,Switzerland,3315302.471,9.881480117496302e-4,Comtrade,1,15.014059722208511,IRL,CHE
layer2_backend,IRL,Ireland,CHN,China,8750777026.375,0.027996455064126173,Comtrade,1,22.89240833650174,IRL,CHN
layer2_backend,IRL,Ireland,CZE,Czechia,89813422.482,0.002467331144327,Comtrade,1,18.313245004083292,IRL,CZE
layer2_backend,IRL,Ireland,DEU,Germany,124514865.697,0.0038294888932147797,Comtrade,1,18.639935677960967,IRL,DEU
layer2_backend,IRL,Ireland,FRA,France,40623684.458000004,0.001440269865305572,Comtrade,1,17.51986184013372,IRL,FRA
layer2_backend,IRL,Ireland,GBR,United Kingdom,189415744.933,0.005473485116064685,Comtrade,1,19.05945487112655,IRL,GBR
layer2_backend,IRL,Ireland,HKG,"China, Hong Kong SAR",38236349.5,8.655801672339211e-4,Comtrade,1,17.459297204877622,IRL,HKG
layer2_backend,IRL,Ireland,HUN,Hungary,36090005.775,9.914553168870164e-4,Comtrade,1,17.401526564344085,IRL,HUN
layer2_backend,IRL,Ireland,IND,India,3188505.939,8.759381159027755e-5,Comtrade,1,14.975063320993524,IRL,IND
layer2_backend,IRL,Ireland,ISR,Israel,658877625.046,0.002204399405270104,Comtrade,1,20.306048378783,IRL,ISR
layer2_backend,IRL,Ireland,ITA,Italy,10085002.502,0.0010395797094961468,Comtrade,1,16.126560076618777,IRL,ITA
layer2_backend,IRL,Ireland,JPN,Japan,10597935.118,4.003507775797862e-4,Comtrade,1,16.176169834275594,IRL,JPN
layer2_backend,IRL,Ireland,KOR,Rep. of Korea,17008404.457,6.337279791325576e-5,Comtrade,1,16.649218218473038,IRL,KOR
layer2_backend,IRL,Ireland,MEX,Mexico,1465058.119,7.855250744488717e-6,Comtrade,1,14.197406153885305,IRL,MEX
layer2_backend,IRL,Ireland,MYS,Malaysia,558545884.242,0.0020638508798122707,Comtrade,1,20.140847331096957,IRL,MYS
layer2_backend,IRL,Ireland,NLD,Netherlands,26616169.531000003,0.003238350473210923,Comtrade,1,17.097029503745887,IRL,NLD
layer2_backend,IRL,Ireland,NOR,Norway,1622708.976,5.0053854556711e-6,Comtrade,1,14.299608134287125,IRL,NOR
layer2_backend,IRL,Ireland,PHL,Philippines,26971487.094,1.1604097481710854e-4,Comtrade,1,17.110290869492925,IRL,PHL
layer2_backend,IRL,Ireland,SGP,Singapore,17935753.831,2.87508411653891e-4,Comtrade,1,16.702306755099407,IRL,SGP
layer2_backend,IRL,Ireland,SWE,Sweden,12607288.799999999,1.1148814870269122e-4,Comtrade,1,16.34978576017852,IRL,SWE
layer2_backend,IRL,Ireland,THA,Thailand,2337206.684,6.420713834079936e-5,Comtrade,1,14.664467477351693,IRL,THA
layer2_backend,IRL,Ireland,TWN,Chinese Taipei,2149242590,0.0012032734948772164,OECD_BTIGE,1,21.488381333763847,IRL,TWN
layer2_backend,IRL,Ireland,USA,USA,1698201820.652,0.009426534684779563,Comtrade,1,21.252835776224757,IRL,USA
layer2_backend,IRL,Ireland,VNM,Viet Nam,35413837.984000005,1.8091873187598052e-4,Comtrade,1,17.38261323346151,IRL,VNM
layer2_backend,ISR,Israel,AUT,Austria,2192000,9.189041584563794e-5,Comtrade,1,14.600325383254319,ISR,AUT
layer2_backend,ISR,Israel,BEL,Belgium,13160000,9.825916075875529e-5,Comtrade,1,16.392692559849284,ISR,BEL
layer2_backend,ISR,Israel,CAN,Canada,6644000,2.6998106034912785e-5,Comtrade,1,15.709224900227051,ISR,CAN
layer2_backend,ISR,Israel,CHE,Switzerland,15242000,3.9898847014685517e-4,Comtrade,1,16.539565398816386,ISR,CHE
layer2_backend,ISR,Israel,CHN,China,1280539000,0.004942398757491216,Comtrade,1,20.970546920773767,ISR,CHN
layer2_backend,ISR,Israel,DEU,Germany,42943000,0.001092127496878485,Comtrade,1,17.575384236188956,ISR,DEU
layer2_backend,ISR,Israel,DNK,Denmark,5814000,2.2275137836645512e-5,Comtrade,1,15.575779532099567,ISR,DNK
layer2_backend,ISR,Israel,FRA,France,26338000,1.640064012716285e-4,Comtrade,1,17.08652335922026,ISR,FRA
layer2_backend,ISR,Israel,GBR,United Kingdom,35597000,4.207321466410032e-4,Comtrade,1,17.387771950700703,ISR,GBR
layer2_backend,ISR,Israel,HKG,"China, Hong Kong SAR",110323000,0.0022144196570471324,Comtrade,1,18.518922993762438,ISR,HKG
layer2_backend,ISR,Israel,HUN,Hungary,10968000,2.8207916661147133e-4,Comtrade,1,16.21049259139861,ISR,HUN
layer2_backend,ISR,Israel,IND,India,141457000,0.0020105378883169826,Comtrade,1,18.76750634900807,ISR,IND
layer2_backend,ISR,Israel,IRL,Ireland,2222807000,0.008263803360535121,Comtrade,1,21.522036648996178,ISR,IRL
layer2_backend,ISR,Israel,ITA,Italy,7460000,1.4669422086538848e-4,Comtrade,1,15.825066106228192,ISR,ITA
layer2_backend,ISR,Israel,JPN,Japan,23809000,1.4399647881228463e-4,Comtrade,1,16.985574260421963,ISR,JPN
layer2_backend,ISR,Israel,KOR,Rep. of Korea,142670000,6.931131168299741e-4,Comtrade,1,18.77604483610018,ISR,KOR
layer2_backend,ISR,Israel,MEX,Mexico,8415000,2.9062724422722954e-4,Comtrade,1,15.94552650444245,ISR,MEX
layer2_backend,ISR,Israel,MYS,Malaysia,7056000,2.8628198009851413e-5,Comtrade,1,15.76938901839211,ISR,MYS
layer2_backend,ISR,Israel,NLD,Netherlands,30312000,0.003644824237379436,Comtrade,1,17.22705426467081,ISR,NLD
layer2_backend,ISR,Israel,PHL,Philippines,28625000,9.323930204920561e-4,Comtrade,1,17.169791054773174,ISR,PHL
layer2_backend,ISR,Israel,SGP,Singapore,66625000,7.406949309490219e-4,Comtrade,1,18.014590455459665,ISR,SGP
layer2_backend,ISR,Israel,SWE,Sweden,7984000,1.8386962034602888e-4,Comtrade,1,15.89295022222393,ISR,SWE
layer2_backend,ISR,Israel,THA,Thailand,10035000,3.7938956952932086e-5,Comtrade,1,16.121589639863792,ISR,THA
layer2_backend,ISR,Israel,TWN,Chinese Taipei,6690706204,0.0037458542254570496,OECD_BTIGE,1,22.623985266800847,ISR,TWN
layer2_backend,ISR,Israel,USA,USA,563168000,0.004558989907681645,Comtrade,1,20.149088544787745,ISR,USA
layer2_backend,ISR,Israel,VNM,Viet Nam,8257000,2.1945970210978652e-4,Comtrade,1,15.92657200450892,ISR,VNM
layer2_backend,ITA,Italy,AUT,Austria,15013819.782000002,8.489867930370025e-4,Comtrade,1,16.524481720318118,ITA,AUT
layer2_backend,ITA,Italy,BEL,Belgium,3252357.5420000004,4.742081359831982e-5,Comtrade,1,14.994890996339976,ITA,BEL
layer2_backend,ITA,Italy,CAN,Canada,2975936.489,3.741520691915682e-4,Comtrade,1,14.906069669674189,ITA,CAN
layer2_backend,ITA,Italy,CHE,Switzerland,19861212.182,0.001055415143571098,Comtrade,1,16.804279301422532,ITA,CHE
layer2_backend,ITA,Italy,CHN,China,99034308.019,0.005557527243158421,Comtrade,1,18.410976903809765,ITA,CHN
layer2_backend,ITA,Italy,CZE,Czechia,26102984.183,0.003619546186800931,Comtrade,1,17.077560240580205,ITA,CZE
layer2_backend,ITA,Italy,DEU,Germany,150211116.165,0.015327531496246626,Comtrade,1,18.827552310300952,ITA,DEU
layer2_backend,ITA,Italy,FIN,Finland,6984290.279999999,5.47967398540273e-4,Comtrade,1,15.759174082390176,ITA,FIN
layer2_backend,ITA,Italy,FRA,France,93738471.702,0.00621833021385506,Comtrade,1,18.356019257409525,ITA,FRA
layer2_backend,ITA,Italy,GBR,United Kingdom,16291022.448000003,6.295097108421675e-4,Comtrade,1,16.606124805369596,ITA,GBR
layer2_backend,ITA,Italy,HKG,"China, Hong Kong SAR",271005028.21000004,0.008759201273323487,Comtrade,1,19.417647936642258,ITA,HKG
layer2_backend,ITA,Italy,HUN,Hungary,20255275.616000004,7.765529561877716e-4,Comtrade,1,16.82392589120304,ITA,HUN
layer2_backend,ITA,Italy,IND,India,3941505.21,1.410111901910156e-5,Comtrade,1,15.187073495023165,ITA,IND
layer2_backend,ITA,Italy,ISR,Israel,1276975.209,3.938939904145303e-6,Comtrade,1,14.060005504457417,ITA,ISR
layer2_backend,ITA,Italy,KOR,Rep. of Korea,23647334.801,1.7380261151175494e-4,Comtrade,1,16.978761015436096,ITA,KOR
layer2_backend,ITA,Italy,MEX,Mexico,4917290.609,1.743451711830284e-5,Comtrade,1,15.408268450919849,ITA,MEX
layer2_backend,ITA,Italy,MYS,Malaysia,241193194.115,0.001844754098115352,Comtrade,1,19.301108809794943,ITA,MYS
layer2_backend,ITA,Italy,NLD,Netherlands,72908367.377,0.0017090387038166163,Comtrade,1,18.104713982942165,ITA,NLD
layer2_backend,ITA,Italy,NOR,Norway,1023261.043,3.049897781532775e-4,Comtrade,1,13.838506163647716,ITA,NOR
layer2_backend,ITA,Italy,PHL,Philippines,165074077.25300002,9.190078145235581e-4,Comtrade,1,18.92190489022196,ITA,PHL
layer2_backend,ITA,Italy,SGP,Singapore,595357540.03,0.009516846182817246,Comtrade,1,20.204672692330327,ITA,SGP
layer2_backend,ITA,Italy,SWE,Sweden,10952658.761,4.353640178788367e-5,Comtrade,1,16.209092885279166,ITA,SWE
layer2_backend,ITA,Italy,THA,Thailand,76273288.44700001,4.919399517066256e-4,Comtrade,1,18.1498333621864,ITA,THA
layer2_backend,ITA,Italy,USA,USA,43218246.74999999,0.0029712830200394435,Comtrade,1,17.58177336564826,ITA,USA
layer2_backend,ITA,Italy,VNM,Viet Nam,3391014.562,1.1781569938819881e-5,Comtrade,1,15.03664001030397,ITA,VNM
layer2_backend,JPN,Japan,AUT,Austria,1402316.357,6.033266037617035e-6,Comtrade,1,14.153636681160783,JPN,AUT
layer2_backend,JPN,Japan,BEL,Belgium,70624547.475,9.536971502295088e-4,Comtrade,1,18.072888354136104,JPN,BEL
layer2_backend,JPN,Japan,CAN,Canada,56906148.658,0.0022299810524459116,Comtrade,1,17.856913971604495,JPN,CAN
layer2_backend,JPN,Japan,CHE,Switzerland,12103623.19,0.0013715078456460169,Comtrade,1,16.309015485554568,JPN,CHE
layer2_backend,JPN,Japan,CHN,China,9264173551.454998,0.22349979140035559,Comtrade,1,22.949420491674864,JPN,CHN
layer2_backend,JPN,Japan,CZE,Czechia,63941555.875,0.0026489432014961405,Comtrade,1,17.973480050298598,JPN,CZE
layer2_backend,JPN,Japan,DEU,Germany,720873232.4109999,0.024200805593450475,Comtrade,1,20.395973859279195,JPN,DEU
layer2_backend,JPN,Japan,DNK,Denmark,6220353.897,1.918721679960119e-5,Comtrade,1,15.643337520483149,JPN,DNK
layer2_backend,JPN,Japan,FIN,Finland,4181731.986,1.799130520271799e-5,Comtrade,1,15.246236308534424,JPN,FIN
layer2_backend,JPN,Japan,FRA,France,24207999.243,6.474005619875011e-4,Comtrade,1,17.00219372504828,JPN,FRA
layer2_backend,JPN,Japan,GBR,United Kingdom,38912183.83,0.0012733835830574035,Comtrade,1,17.476817994245298,JPN,GBR
layer2_backend,JPN,Japan,HKG,"China, Hong Kong SAR",4566302893.486,0.14276073419557,Comtrade,1,22.24196971979775,JPN,HKG
layer2_backend,JPN,Japan,HUN,Hungary,30737901.233000003,9.09823420352961e-4,Comtrade,1,17.24100705148847,JPN,HUN
layer2_backend,JPN,Japan,IND,India,249378042.142,0.009119234560005334,Comtrade,1,19.334480548609633,JPN,IND
layer2_backend,JPN,Japan,ISR,Israel,3378093.2750000004,4.2651269726582086e-4,Comtrade,1,15.032822284486201,JPN,ISR
layer2_backend,JPN,Japan,ITA,Italy,29918893.482,0.0016134843130369424,Comtrade,1,17.214000761256898,JPN,ITA
layer2_backend,JPN,Japan,KOR,Rep. of Korea,3794100625.3019996,0.05057952625326144,Comtrade,1,22.056713230590912,JPN,KOR
layer2_backend,JPN,Japan,MEX,Mexico,135873825.218,0.0017020378986156764,Comtrade,1,18.72723726467836,JPN,MEX
layer2_backend,JPN,Japan,MYS,Malaysia,2847504315.574,0.1037608493785412,Comtrade,1,21.769708769201582,JPN,MYS
layer2_backend,JPN,Japan,NLD,Netherlands,180844284.612,0.011092439418666375,Comtrade,1,19.01314691847307,JPN,NLD
layer2_backend,JPN,Japan,PHL,Philippines,966895957.266,0.02705441178281555,Comtrade,1,20.68960145534989,JPN,PHL
layer2_backend,JPN,Japan,SGP,Singapore,1319267117.5069997,0.08032253934055583,Comtrade,1,21.000342206104467,JPN,SGP
layer2_backend,JPN,Japan,SWE,Sweden,4459842.373,5.756040500237723e-5,Comtrade,1,15.310624205218154,JPN,SWE
layer2_backend,JPN,Japan,THA,Thailand,1772628264.926,0.07385897440149387,Comtrade,1,21.295729178167612,JPN,THA
layer2_backend,JPN,Japan,TWN,Chinese Taipei,139864160261,0.07830425365119931,OECD_BTIGE,1,25.663937504682778,JPN,TWN
layer2_backend,JPN,Japan,USA,USA,1488517808.9369998,0.05616843891573206,Comtrade,1,21.121046703371704,JPN,USA
layer2_backend,JPN,Japan,VNM,Viet Nam,2695895834.9610004,0.042297604994556974,Comtrade,1,21.71499639273708,JPN,VNM
layer2_backend,KOR,Korea,TWN,Chinese Taipei,111124666131,0.06221418001143938,OECD_BTIGE,1,25.43391852633952,KOR,TWN
layer2_backend,KOR,Rep. of Korea,AUT,Austria,319339606,0.0054228384546868135,Comtrade,1,19.58176569321183,KOR,AUT
layer2_backend,KOR,Rep. of Korea,CAN,Canada,143732008,0.0019687269337568284,Comtrade,1,18.78346107502661,KOR,CAN
layer2_backend,KOR,Rep. of Korea,CHE,Switzerland,8656582,2.6701971998350637e-5,Comtrade,1,15.97383062992604,KOR,CHE
layer2_backend,KOR,Rep. of Korea,CHN,China,51931863127,0.34536347489097624,Comtrade,1,24.673198371840545,KOR,CHN
layer2_backend,KOR,Rep. of Korea,CZE,Czechia,289708647,0.007761016328214444,Comtrade,1,19.48438631386462,KOR,CZE
layer2_backend,KOR,Rep. of Korea,DEU,Germany,582316568,0.008383790562431936,Comtrade,1,20.182524790807474,KOR,DEU
layer2_backend,KOR,Rep. of Korea,FIN,Finland,3933549,1.3261906585528468e-4,Comtrade,1,15.185052883996438,KOR,FIN
layer2_backend,KOR,Rep. of Korea,FRA,France,147754385,0.0012537313415963726,Comtrade,1,18.81106189908907,KOR,FRA
layer2_backend,KOR,Rep. of Korea,GBR,United Kingdom,76559911,0.003942897448789004,Comtrade,1,18.153584155683024,KOR,GBR
layer2_backend,KOR,Rep. of Korea,HKG,"China, Hong Kong SAR",19088238049,0.18805523329255566,Comtrade,1,23.672338173410292,KOR,HKG
layer2_backend,KOR,Rep. of Korea,HUN,Hungary,158926448,0.0034574540280811568,Comtrade,1,18.88395206825344,KOR,HUN
layer2_backend,KOR,Rep. of Korea,IND,India,2293681290,0.02159984035245973,Comtrade,1,21.553423914441115,KOR,IND
layer2_backend,KOR,Rep. of Korea,IRL,Ireland,227805583,0.0062582161357910325,Comtrade,1,19.24400312140739,KOR,IRL
layer2_backend,KOR,Rep. of Korea,ISR,Israel,69996592,0.0010144445689457492,Comtrade,1,18.06395712740057,KOR,ISR
layer2_backend,KOR,Rep. of Korea,ITA,Italy,10132365,3.31695792067753e-5,Comtrade,1,16.13124541262538,KOR,ITA
layer2_backend,KOR,Rep. of Korea,JPN,Japan,1326800502,0.02239043535277667,Comtrade,1,21.006036244144727,KOR,JPN
layer2_backend,KOR,Rep. of Korea,MEX,Mexico,613749696,0.0099947376188785,Comtrade,1,20.23509774338653,KOR,MEX
layer2_backend,KOR,Rep. of Korea,MYS,Malaysia,1882032381,0.016208012924282172,Comtrade,1,21.35561808412523,KOR,MYS
layer2_backend,KOR,Rep. of Korea,NLD,Netherlands,746353211,0.018256750092891114,Comtrade,1,20.43070952064517,KOR,NLD
layer2_backend,KOR,Rep. of Korea,PHL,Philippines,3794939936,0.028296540907290245,Comtrade,1,22.056934420791286,KOR,PHL
layer2_backend,KOR,Rep. of Korea,SGP,Singapore,5902793594,0.03519572896005327,Comtrade,1,22.49869156647471,KOR,SGP
layer2_backend,KOR,Rep. of Korea,SWE,Sweden,35444834,5.195467472426795e-4,Comtrade,1,17.38348810216097,KOR,SWE
layer2_backend,KOR,Rep. of Korea,THA,Thailand,888430403,0.016000906476297243,Comtrade,1,20.604966872721768,KOR,THA
layer2_backend,KOR,Rep. of Korea,USA,USA,6883572935,0.17554901944969692,Comtrade,1,22.652403676183635,KOR,USA
layer2_backend,KOR,Rep. of Korea,VNM,Viet Nam,15751962443,0.1132995927920297,Comtrade,1,23.48023079407521,KOR,VNM
layer2_backend,MEX,Mexico,CAN,Canada,28675492,0.0023295077874672288,Comtrade,1,17.171553413508462,MEX,CAN
layer2_backend,MEX,Mexico,CHN,China,220409881,0.0018066784207808775,Comtrade,1,19.210999470898518,MEX,CHN
layer2_backend,MEX,Mexico,DEU,Germany,9876084,1.2408400903520076e-4,Comtrade,1,16.10562673613354,MEX,DEU
layer2_backend,MEX,Mexico,GBR,United Kingdom,6334065,0.0010184887316143133,Comtrade,1,15.661452925982228,MEX,GBR
layer2_backend,MEX,Mexico,HKG,"China, Hong Kong SAR",252128064,0.00155473834259415,Comtrade,1,19.345447710833078,MEX,HKG
layer2_backend,MEX,Mexico,HUN,Hungary,47279974,4.989730131775282e-4,Comtrade,1,17.67159740229717,MEX,HUN
layer2_backend,MEX,Mexico,IND,India,7752744,6.722660173763433e-5,Comtrade,1,15.86355753216619,MEX,IND
layer2_backend,MEX,Mexico,ISR,Israel,1426386,6.136822242266987e-6,Comtrade,1,14.170655231636479,MEX,ISR
layer2_backend,MEX,Mexico,JPN,Japan,143548445,7.22107030051132e-4,Comtrade,1,18.782183138976407,MEX,JPN
layer2_backend,MEX,Mexico,KOR,Rep. of Korea,18349156,4.372107487263011e-4,Comtrade,1,16.72509419135508,MEX,KOR
layer2_backend,MEX,Mexico,MYS,Malaysia,27017989,9.975360450123205e-5,Comtrade,1,17.112013498388073,MEX,MYS
layer2_backend,MEX,Mexico,NLD,Netherlands,70838259,4.939327833601657e-4,Comtrade,1,18.07590980818312,MEX,NLD
layer2_backend,MEX,Mexico,SGP,Singapore,89921768,7.474335367030377e-4,Comtrade,1,18.314450616958847,MEX,SGP
layer2_backend,MEX,Mexico,THA,Thailand,12708686,2.8169420814007823e-4,Comtrade,1,16.3577963333447,MEX,THA
layer2_backend,MEX,Mexico,USA,USA,4126419241,0.10879059782450481,Comtrade,1,22.140675856225112,MEX,USA
layer2_backend,MEX,Mexico,VNM,Viet Nam,27785242,1.083386372286387e-4,Comtrade,1,17.140015610384026,MEX,VNM
layer2_backend,MYS,Malaysia,AUT,Austria,74789406.415,0.004465748294242236,Comtrade,1,18.130186820817837,MYS,AUT
layer2_backend,MYS,Malaysia,BEL,Belgium,172453260.146,0.002944188781783588,Comtrade,1,18.96563680784388,MYS,BEL
layer2_backend,MYS,Malaysia,CAN,Canada,84977480.329,0.0017831655095978498,Comtrade,1,18.257896853814444,MYS,CAN
layer2_backend,MYS,Malaysia,CHE,Switzerland,32336170.746000003,0.0010547053756682328,Comtrade,1,17.291697029905347,MYS,CHE
layer2_backend,MYS,Malaysia,CHN,China,17202820260.378998,0.3354153696043255,Comtrade,1,23.56833917600925,MYS,CHN
layer2_backend,MYS,Malaysia,CZE,Czechia,419474323.6470001,0.0066618859322265635,Comtrade,1,19.854512877342913,MYS,CZE
layer2_backend,MYS,Malaysia,DEU,Germany,1724163149.5699997,0.05210173894334652,Comtrade,1,21.268007639611703,MYS,DEU
layer2_backend,MYS,Malaysia,DNK,Denmark,5140054.79,1.1194583195924062e-4,Comtrade,1,15.452574491458046,MYS,DNK
layer2_backend,MYS,Malaysia,FIN,Finland,69244463.406,4.876750005953863e-4,Comtrade,1,18.05315376346119,MYS,FIN
layer2_backend,MYS,Malaysia,FRA,France,264264164.402,0.012812160296030045,Comtrade,1,19.392459787340307,MYS,FRA
layer2_backend,MYS,Malaysia,GBR,United Kingdom,129002552.82000001,0.0033982527685255774,Comtrade,1,18.67534275918425,MYS,GBR
layer2_backend,MYS,Malaysia,HKG,"China, Hong Kong SAR",14516461058.191,0.2641233588913781,Comtrade,1,23.39854908793054,MYS,HKG
layer2_backend,MYS,Malaysia,HUN,Hungary,116268464.50099999,0.0040395969009765186,Comtrade,1,18.571412432836876,MYS,HUN
layer2_backend,MYS,Malaysia,IND,India,628062319.333,0.012304460790106459,Comtrade,1,20.258149955707932,MYS,IND
layer2_backend,MYS,Malaysia,IRL,Ireland,59495065.80899999,0.001485806843476949,Comtrade,1,17.90140395630546,MYS,IRL
layer2_backend,MYS,Malaysia,ITA,Italy,26886003.867999997,0.0014087193418851455,Comtrade,1,17.107116444057095,MYS,ITA
layer2_backend,MYS,Malaysia,JPN,Japan,2016228622.0950003,0.043176058970467536,Comtrade,1,21.424494585038747,MYS,JPN
layer2_backend,MYS,Malaysia,KOR,Rep. of Korea,3158668640.2790003,0.046957500533421515,Comtrade,1,21.873416459715738,MYS,KOR
layer2_backend,MYS,Malaysia,MEX,Mexico,1339841102.9519997,0.013617418172928242,Comtrade,1,21.01581686473787,MYS,MEX
layer2_backend,MYS,Malaysia,NLD,Netherlands,2292008284.075,0.033718714972681,Comtrade,1,21.55269425057204,MYS,NLD
layer2_backend,MYS,Malaysia,PHL,Philippines,802509190.165,0.013948441820046642,Comtrade,1,20.50325386606797,MYS,PHL
layer2_backend,MYS,Malaysia,SGP,Singapore,21233517067.070995,0.43338320562904237,Comtrade,1,23.778846763946344,MYS,SGP
layer2_backend,MYS,Malaysia,SWE,Sweden,27797781.261,2.4893077643024374e-4,Comtrade,1,17.140466800694515,MYS,SWE
layer2_backend,MYS,Malaysia,THA,Thailand,2487218071.5210004,0.04299113105455557,Comtrade,1,21.63443068289382,MYS,THA
layer2_backend,MYS,Malaysia,TWN,Chinese Taipei,42221142604,0.02363790018642075,OECD_BTIGE,1,24.46618694212213,MYS,TWN
layer2_backend,MYS,Malaysia,USA,USA,8076846816.938,0.17671401947623247,Comtrade,1,22.812267388009197,MYS,USA
layer2_backend,MYS,Malaysia,VNM,Viet Nam,3856365927.0300007,0.024115705513152952,Comtrade,1,22.072991107540176,MYS,VNM
layer2_backend,NLD,Netherlands,AUT,Austria,43090139.172,0.0021233177848103595,Comtrade,1,17.578804762592068,NLD,AUT
layer2_backend,NLD,Netherlands,BEL,Belgium,117444566.61800002,0.01093627136221716,Comtrade,1,18.581477015279198,NLD,BEL
layer2_backend,NLD,Netherlands,CAN,Canada,43160742.92299999,7.424969836800253e-4,Comtrade,1,17.58044193460511,NLD,CAN
layer2_backend,NLD,Netherlands,CHE,Switzerland,82914573.409,9.504301315463002e-4,Comtrade,1,18.23332141175821,NLD,CHE
layer2_backend,NLD,Netherlands,CHN,China,735078664.8800001,0.005147449248194918,Comtrade,1,20.415488079858143,NLD,CHN
layer2_backend,NLD,Netherlands,CZE,Czechia,279177730.20199996,0.014137062717454445,Comtrade,1,19.44735916636639,NLD,CZE
layer2_backend,NLD,Netherlands,DEU,Germany,989852161.5690001,0.03439450697394155,Comtrade,1,20.71306615920358,NLD,DEU
layer2_backend,NLD,Netherlands,DNK,Denmark,33296781.647,0.001259834558597791,Comtrade,1,17.320971333075722,NLD,DNK
layer2_backend,NLD,Netherlands,FIN,Finland,15734162.962,6.532303153071341e-4,Comtrade,1,16.571344954689025,NLD,FIN
layer2_backend,NLD,Netherlands,FRA,France,210586635.803,0.013019961802317917,Comtrade,1,19.165407702673715,NLD,FRA
layer2_backend,NLD,Netherlands,GBR,United Kingdom,541045054.2379999,0.008951099193143311,Comtrade,1,20.10901311474416,NLD,GBR
layer2_backend,NLD,Netherlands,HKG,"China, Hong Kong SAR",248504224.32200003,0.004841097319672863,Comtrade,1,19.33097040666425,NLD,HKG
layer2_backend,NLD,Netherlands,HUN,Hungary,178991040.52699998,0.002741136562700048,Comtrade,1,19.002846315217425,NLD,HUN
layer2_backend,NLD,Netherlands,IND,India,18422952.045,6.735920970895056e-4,Comtrade,1,16.72910789326012,NLD,IND
layer2_backend,NLD,Netherlands,IRL,Ireland,47632587.643,0.0015725308040290273,Comtrade,1,17.67902772030292,NLD,IRL
layer2_backend,NLD,Netherlands,ISR,Israel,201440472.488,0.0015276927319442732,Comtrade,1,19.12100447877383,NLD,ISR
layer2_backend,NLD,Netherlands,ITA,Italy,114249268.515,0.005348934508366361,Comtrade,1,18.553893193976354,NLD,ITA
layer2_backend,NLD,Netherlands,JPN,Japan,18187379.801,0.0018653497039454435,Comtrade,1,16.7162385489776,NLD,JPN
layer2_backend,NLD,Netherlands,KOR,Rep. of Korea,204759417.455,0.0011026681431674222,Comtrade,1,19.137346279419717,NLD,KOR
layer2_backend,NLD,Netherlands,MEX,Mexico,23339834.071000002,6.400292077687777e-4,Comtrade,1,16.965672118430966,NLD,MEX
layer2_backend,NLD,Netherlands,MYS,Malaysia,113039111.34799999,0.0016874737362173459,Comtrade,1,18.543244443761942,NLD,MYS
layer2_backend,NLD,Netherlands,NOR,Norway,8018174.478,1.6730974947055656e-4,Comtrade,1,15.897221457452712,NLD,NOR
layer2_backend,NLD,Netherlands,PHL,Philippines,12142364.671,8.34543358338389e-5,Comtrade,1,16.312211190427234,NLD,PHL
layer2_backend,NLD,Netherlands,SGP,Singapore,70543581.349,6.392364237837699e-4,Comtrade,1,18.071741266129692,NLD,SGP
layer2_backend,NLD,Netherlands,SWE,Sweden,131857809.599,0.002532634577862066,Comtrade,1,18.697234707530086,NLD,SWE
layer2_backend,NLD,Netherlands,THA,Thailand,219367129.033,0.0015645439798530956,Comtrade,1,19.206257277047452,NLD,THA
layer2_backend,NLD,Netherlands,TWN,Chinese Taipei,21109433337,0.01181831299289933,OECD_BTIGE,1,23.772985855149336,NLD,TWN
layer2_backend,NLD,Netherlands,USA,USA,722796977.663,0.007126838209496553,Comtrade,1,20.398638936627954,NLD,USA
layer2_backend,NLD,Netherlands,VNM,Viet Nam,24692605.614,9.330732768596734e-5,Comtrade,1,17.022014429422406,NLD,VNM
layer2_backend,NOR,Norway,CHN,China,4397789.655,1.757237726546968e-5,Comtrade,1,15.29661284891845,NOR,CHN
layer2_backend,NOR,Norway,CZE,Czechia,1796071.18,0.002239697921674476,Comtrade,1,14.40111271634629,NOR,CZE
layer2_backend,NOR,Norway,DEU,Germany,6540555.05,2.1481509439298072e-5,Comtrade,1,15.693532742754916,NOR,DEU
layer2_backend,NOR,Norway,DNK,Denmark,1675250.92,7.207528051477112e-6,Comtrade,1,14.331474111932359,NOR,DNK
layer2_backend,NOR,Norway,FRA,France,1318947.788,0.0016447258062348884,Comtrade,1,14.092345604562064,NOR,FRA
layer2_backend,NOR,Norway,GBR,United Kingdom,2551134.8890000004,9.288612818973852e-6,Comtrade,1,14.752049264619362,NOR,GBR
layer2_backend,NOR,Norway,ITA,Italy,7047241.056,0.008787898454370969,Comtrade,1,15.768146900520161,NOR,ITA
layer2_backend,NOR,Norway,SWE,Sweden,17981394.981000002,0.003402615203507359,Comtrade,1,16.70484822476138,NOR,SWE
layer2_backend,NOR,Norway,TWN,Chinese Taipei,1063776740,5.955653222509851e-4,OECD_BTIGE,1,20.785091375961276,NOR,TWN
layer2_backend,NOR,Norway,USA,USA,18530491.015,0.0023422035840910934,Comtrade,1,16.73492815025658,NOR,USA
layer2_backend,PHL,Philippines,AUT,Austria,103520879,6.610323870556101e-4,Comtrade,1,18.45528388945353,PHL,AUT
layer2_backend,PHL,Philippines,BEL,Belgium,79164613,3.3243949263026755e-4,Comtrade,1,18.18703996401366,PHL,BEL
layer2_backend,PHL,Philippines,CAN,Canada,35559973,1.2093725805198539e-4,Comtrade,1,17.386731237451105,PHL,CAN
layer2_backend,PHL,Philippines,CHE,Switzerland,28462484,1.4861982314082295e-4,Comtrade,1,17.16409746234477,PHL,CHE
layer2_backend,PHL,Philippines,CHN,China,3982714025,0.02448839497653681,Comtrade,1,22.105229339924033,PHL,CHN
layer2_backend,PHL,Philippines,CZE,Czechia,81061003,6.29135755596984e-4,Comtrade,1,18.21071256497473,PHL,CZE
layer2_backend,PHL,Philippines,DEU,Germany,1401231671,0.013636660589938147,Comtrade,1,21.06061745251488,PHL,DEU
layer2_backend,PHL,Philippines,DNK,Denmark,9130085,3.308328099055405e-5,Comtrade,1,16.027085672022956,PHL,DNK
layer2_backend,PHL,Philippines,FIN,Finland,3651604,1.4331164887158747e-5,Comtrade,1,15.110677354934914,PHL,FIN
layer2_backend,PHL,Philippines,FRA,France,427522024,0.0018033798156743357,Comtrade,1,19.87351636548179,PHL,FRA
layer2_backend,PHL,Philippines,GBR,United Kingdom,96359957,5.847131946412286e-4,Comtrade,1,18.383601299845346,PHL,GBR
layer2_backend,PHL,Philippines,HKG,"China, Hong Kong SAR",8171876667,0.05207276112237863,Comtrade,1,22.823964421766362,PHL,HKG
layer2_backend,PHL,Philippines,HUN,Hungary,73170164,3.933960089291753e-4,Comtrade,1,18.10829831388022,PHL,HUN
layer2_backend,PHL,Philippines,IND,India,94777476,5.308018631364036e-4,Comtrade,1,18.367042354609424,PHL,IND
layer2_backend,PHL,Philippines,IRL,Ireland,168877793,0.0031558812447337772,Comtrade,1,18.944685898889418,PHL,IRL
layer2_backend,PHL,Philippines,ISR,Israel,62908664,2.3752497386225115e-4,Comtrade,1,17.95719447052944,PHL,ISR
layer2_backend,PHL,Philippines,ITA,Italy,14593218,4.903626198837183e-5,Comtrade,1,16.496067526732507,PHL,ITA
layer2_backend,PHL,Philippines,JPN,Japan,2083033206,0.01273520583989524,Comtrade,1,21.457090941008882,PHL,JPN
layer2_backend,PHL,Philippines,KOR,Rep. of Korea,964076521,0.004900837433168975,Comtrade,1,20.68668122909247,PHL,KOR
layer2_backend,PHL,Philippines,MEX,Mexico,378423946,0.003226693104237089,Comtrade,1,19.751525678023313,PHL,MEX
layer2_backend,PHL,Philippines,MYS,Malaysia,914232605,0.006262720740003007,Comtrade,1,20.633595589382097,PHL,MYS
layer2_backend,PHL,Philippines,NLD,Netherlands,1279656112,0.00561502912727301,Comtrade,1,20.96985721706316,PHL,NLD
layer2_backend,PHL,Philippines,SGP,Singapore,3678612804,0.017185575418503306,Comtrade,1,22.02580156289875,PHL,SGP
layer2_backend,PHL,Philippines,SWE,Sweden,5589913,1.9870922320661988e-5,Comtrade,1,15.536474460397553,PHL,SWE
layer2_backend,PHL,Philippines,THA,Thailand,687019310,0.003041084434874762,Comtrade,1,20.347872958961872,PHL,THA
layer2_backend,PHL,Philippines,USA,USA,2630124943,0.022066317790750384,Comtrade,1,21.690297189231988,PHL,USA
layer2_backend,PHL,Philippines,VNM,Viet Nam,611395358,0.003209329371872998,Comtrade,1,20.231254376616928,PHL,VNM
layer2_backend,SGP,Singapore,AUT,Austria,153771635.847,8.803796294857185e-4,Comtrade,1,18.850979182209883,SGP,AUT
layer2_backend,SGP,Singapore,BEL,Belgium,410402741.046,0.0017937977699832403,Comtrade,1,19.83264953319715,SGP,BEL
layer2_backend,SGP,Singapore,CAN,Canada,157975368.431,0.03153242221161177,Comtrade,1,18.877949689161966,SGP,CAN
layer2_backend,SGP,Singapore,CHE,Switzerland,48319800.203,0.0023700998445522693,Comtrade,1,17.693351997406047,SGP,CHE
layer2_backend,SGP,Singapore,CHN,China,23252697543.081,0.21493540543793502,Comtrade,1,23.869686985650915,SGP,CHN
layer2_backend,SGP,Singapore,CZE,Czechia,120879606.89299999,0.002487758195631319,Comtrade,1,18.610305632152816,SGP,CZE
layer2_backend,SGP,Singapore,DEU,Germany,3521875368.2249994,0.06986790504474148,Comtrade,1,21.982259460030033,SGP,DEU
layer2_backend,SGP,Singapore,DNK,Denmark,6869878.856000001,0.0015379181068982293,Comtrade,1,15.742657175836005,SGP,DNK
layer2_backend,SGP,Singapore,FIN,Finland,307050282.333,9.607509979242517e-4,Comtrade,1,19.542522081497765,SGP,FIN
layer2_backend,SGP,Singapore,FRA,France,1192388574.9969997,0.01720828532196944,Comtrade,1,20.899224339042153,SGP,FRA
layer2_backend,SGP,Singapore,GBR,United Kingdom,193952889.403,0.028602594056679694,Comtrade,1,19.083125854564674,SGP,GBR
layer2_backend,SGP,Singapore,HKG,"China, Hong Kong SAR",40315767489.37999,0.41329763959723903,Comtrade,1,24.420008482242633,SGP,HKG
layer2_backend,SGP,Singapore,HUN,Hungary,127730941.02000001,0.0013179723314507904,Comtrade,1,18.66543659407984,SGP,HUN
layer2_backend,SGP,Singapore,IND,India,1928025736.3990002,0.05327798846100033,Comtrade,1,21.379762382319004,SGP,IND
layer2_backend,SGP,Singapore,IRL,Ireland,10139292.052000001,6.526953964629633e-5,Comtrade,1,16.131928834959176,SGP,IRL
layer2_backend,SGP,Singapore,ISR,Israel,189622675.917,0.0036553475851929997,Comtrade,1,19.060546744625825,SGP,ISR
layer2_backend,SGP,Singapore,ITA,Italy,185182946.478,0.011362482089599706,Comtrade,1,19.036854799684374,SGP,ITA
layer2_backend,SGP,Singapore,JPN,Japan,4280422564.1600003,0.04604126083812841,Comtrade,1,22.177317571844185,SGP,JPN
layer2_backend,SGP,Singapore,KOR,Rep. of Korea,6541091225.257999,0.07267004733457594,Comtrade,1,22.6013698426648,SGP,KOR
layer2_backend,SGP,Singapore,MEX,Mexico,1185878678.731,0.01582166558632572,Comtrade,1,20.893749838639508,SGP,MEX
layer2_backend,SGP,Singapore,MYS,Malaysia,13807898289.884,0.31948444645313073,Comtrade,1,23.348506605304678,SGP,MYS
layer2_backend,SGP,Singapore,NLD,Netherlands,2127682073.328,0.0616542929388221,Comtrade,1,21.47829899610269,SGP,NLD
layer2_backend,SGP,Singapore,NOR,Norway,4125623.783,0.0034577936977885516,Comtrade,1,15.23272802882708,SGP,NOR
layer2_backend,SGP,Singapore,PHL,Philippines,1511539767.851,0.028586300355220553,Comtrade,1,21.136394682688472,SGP,PHL
layer2_backend,SGP,Singapore,SWE,Sweden,33078636.062,1.930534876782437e-4,Comtrade,1,17.31439822600132,SGP,SWE
layer2_backend,SGP,Singapore,THA,Thailand,4191240657.646,0.08266945206742883,Comtrade,1,22.15626262696704,SGP,THA
layer2_backend,SGP,Singapore,TWN,Chinese Taipei,37646309523,0.021076637248738702,OECD_BTIGE,1,24.35150076577709,SGP,TWN
layer2_backend,SGP,Singapore,USA,USA,6555981510.531001,0.19503738484437144,Comtrade,1,22.603643677740276,SGP,USA
layer2_backend,SGP,Singapore,VNM,Viet Nam,6684346947.921999,0.05873231509654302,Comtrade,1,22.62303435371153,SGP,VNM
layer2_backend,SWE,Sweden,AUT,Austria,3926340.927,1.4879889788738245e-5,Comtrade,1,15.183218742996115,SWE,AUT
layer2_backend,SWE,Sweden,BEL,Belgium,4713744.714,5.274007930716886e-5,Comtrade,1,15.365993418299452,SWE,BEL
layer2_backend,SWE,Sweden,CAN,Canada,3464616.2060000002,1.2545545063250874e-5,Comtrade,1,15.058112710044513,SWE,CAN
layer2_backend,SWE,Sweden,CHE,Switzerland,6116715.5479999995,2.3876118262946046e-5,Comtrade,1,15.626535998749867,SWE,CHE
layer2_backend,SWE,Sweden,CHN,China,71936118.356,0.003970544988423418,Comtrade,1,18.091289051991133,SWE,CHN
layer2_backend,SWE,Sweden,CZE,Czechia,5538323.766,6.815919926606511e-5,Comtrade,1,15.527202624186087,SWE,CZE
layer2_backend,SWE,Sweden,DEU,Germany,96152541.85,0.003984353694504946,Comtrade,1,18.38144647634722,SWE,DEU
layer2_backend,SWE,Sweden,DNK,Denmark,16739745.730999999,9.370132831405672e-4,Comtrade,1,16.63329649334126,SWE,DNK
layer2_backend,SWE,Sweden,FIN,Finland,13864495.919,1.1522085776223129e-4,Comtrade,1,16.444841952132833,SWE,FIN
layer2_backend,SWE,Sweden,FRA,France,13824453.410999998,0.0034065707226177593,Comtrade,1,16.441949640651817,SWE,FRA
layer2_backend,SWE,Sweden,GBR,United Kingdom,13851247.286999999,3.939031967502525e-4,Comtrade,1,16.443885915561516,SWE,GBR
layer2_backend,SWE,Sweden,HKG,"China, Hong Kong SAR",20802725.538,2.0794577114806103e-4,Comtrade,1,16.85059461963854,SWE,HKG
layer2_backend,SWE,Sweden,HUN,Hungary,3374644.151,1.4518924951305601e-5,Comtrade,1,15.03180073631668,SWE,HUN
layer2_backend,SWE,Sweden,IND,India,4259336.401,1.313828960565008e-5,Comtrade,1,15.264624166476642,SWE,IND
layer2_backend,SWE,Sweden,ITA,Italy,45765917.088,0.009198312476508853,Comtrade,1,17.639050225519718,SWE,ITA
layer2_backend,SWE,Sweden,JPN,Japan,8366313.5309999995,3.220523235674943e-5,Comtrade,1,15.939724026619894,SWE,JPN
layer2_backend,SWE,Sweden,MEX,Mexico,15343695.824,6.3389549627844e-5,Comtrade,1,16.546215317307443,SWE,MEX
layer2_backend,SWE,Sweden,MYS,Malaysia,8279406.457999999,6.656427154477421e-5,Comtrade,1,15.929281960757207,SWE,MYS
layer2_backend,SWE,Sweden,NLD,Netherlands,43651474.926,2.607161014781685e-4,Comtrade,1,17.591747652415933,SWE,NLD
layer2_backend,SWE,Sweden,NOR,Norway,20191409.917,9.829544351038623e-4,Comtrade,1,16.820767869818663,SWE,NOR
layer2_backend,SWE,Sweden,SGP,Singapore,4404972.486,1.6579976040597782e-5,Comtrade,1,15.298244798265063,SWE,SGP
layer2_backend,SWE,Sweden,THA,Thailand,21032302.584,5.17262820035201e-4,Comtrade,1,16.861570079673378,SWE,THA
layer2_backend,SWE,Sweden,TWN,Chinese Taipei,2397501140,0.0013422633578557134,OECD_BTIGE,1,21.597692840634164,SWE,TWN
layer2_backend,SWE,Sweden,USA,USA,47366727.57000001,0.0028225992497930377,Comtrade,1,17.67343061129492,SWE,USA
layer2_backend,THA,Thailand,AUT,Austria,7019431.953,0.004515685422168589,Comtrade,1,15.764192996813517,THA,AUT
layer2_backend,THA,Thailand,BEL,Belgium,48628751.062,5.534940202979594e-4,Comtrade,1,17.699725520154747,THA,BEL
layer2_backend,THA,Thailand,CAN,Canada,22916708.565,0.005344219202120655,Comtrade,1,16.947376877768367,THA,CAN
layer2_backend,THA,Thailand,CHE,Switzerland,25424426.289,0.003090436593744716,Comtrade,1,17.051220974138804,THA,CHE
layer2_backend,THA,Thailand,CHN,China,804036582.304,0.015733116196472045,Comtrade,1,20.505155327729963,THA,CHN
layer2_backend,THA,Thailand,CZE,Czechia,45890534.28700001,0.0081944457758483,Comtrade,1,17.64176945087043,THA,CZE
layer2_backend,THA,Thailand,DEU,Germany,555338583.568,0.03223531741736164,Comtrade,1,20.135088547983045,THA,DEU
layer2_backend,THA,Thailand,DNK,Denmark,4086583.375,1.5918388685529935e-5,Comtrade,1,15.22322006297832,THA,DNK
layer2_backend,THA,Thailand,FIN,Finland,5909323.791999999,0.0038510550248630976,Comtrade,1,15.592042134462881,THA,FIN
layer2_backend,THA,Thailand,FRA,France,28397281.684,0.013001986184405127,Comtrade,1,17.16180401841295,THA,FRA
layer2_backend,THA,Thailand,GBR,United Kingdom,101427546.035,0.005280743575692257,Comtrade,1,18.43485527923839,THA,GBR
layer2_backend,THA,Thailand,HKG,"China, Hong Kong SAR",2214577860.8699994,0.036724583461560004,Comtrade,1,21.518327640732007,THA,HKG
layer2_backend,THA,Thailand,HUN,Hungary,20604778.122,0.005599789607459952,Comtrade,1,16.841033603066442,THA,HUN
layer2_backend,THA,Thailand,IND,India,52020119.201,0.00504698437695403,Comtrade,1,17.767141128651083,THA,IND
layer2_backend,THA,Thailand,IRL,Ireland,1340211.787,5.766069986532387e-6,Comtrade,1,14.108338955588957,THA,IRL
layer2_backend,THA,Thailand,ISR,Israel,17793535.296,7.65541467548444e-5,Comtrade,1,16.694345819876652,THA,ISR
layer2_backend,THA,Thailand,ITA,Italy,5032711.356,0.0036754716357532934,Comtrade,1,15.431469632525838,THA,ITA
layer2_backend,THA,Thailand,JPN,Japan,812543319.7579999,0.0392721884808912,Comtrade,1,20.51567978860282,THA,JPN
layer2_backend,THA,Thailand,KOR,Rep. of Korea,350515876.414,0.00872359305912972,Comtrade,1,19.67491656273961,THA,KOR
layer2_backend,THA,Thailand,MEX,Mexico,176244854.668,0.0027146566223303316,Comtrade,1,18.987384811531392,THA,MEX
layer2_backend,THA,Thailand,MYS,Malaysia,652336205.984,0.01663198505354653,Comtrade,1,20.29607064187007,THA,MYS
layer2_backend,THA,Thailand,NLD,Netherlands,329437966.386,0.006679036100484456,Comtrade,1,19.61289863131821,THA,NLD
layer2_backend,THA,Thailand,PHL,Philippines,695024713.734,0.006151550893286468,Comtrade,1,20.359457963665143,THA,PHL
layer2_backend,THA,Thailand,SGP,Singapore,1335444159.855,0.027293302824024934,Comtrade,1,21.012529778224966,THA,SGP
layer2_backend,THA,Thailand,SWE,Sweden,1390193.577,5.981109506396097e-6,Comtrade,1,14.144954278763343,THA,SWE
layer2_backend,THA,Thailand,USA,USA,830983551.366,0.07348689729343003,Comtrade,1,20.538120560043822,THA,USA
layer2_backend,THA,Thailand,VNM,Viet Nam,68383213.581,0.002986939634703833,Comtrade,1,18.04063795161449,THA,VNM
layer2_backend,TWN,Chinese Taipei,AUT,Austria,1438332414,8.052638071856575e-4,OECD_BTIGE,1,21.086750234343036,TWN,AUT
layer2_backend,TWN,Chinese Taipei,CAN,Canada,7116938609,0.003984484409867396,OECD_BTIGE,1,22.685743499400854,TWN,CAN
layer2_backend,TWN,Chinese Taipei,CHN,China (People’s Republic of),374038939709,0.20940918642591055,OECD_BTIGE,1,26.647625745812814,TWN,CHN
layer2_backend,TWN,Chinese Taipei,DEU,Germany,22257018023,0.012460798974805539,OECD_BTIGE,1,23.825923212634226,TWN,DEU
layer2_backend,TWN,Chinese Taipei,DNK,Denmark,995803957,5.575101261844766e-4,OECD_BTIGE,1,20.71906096685817,TWN,DNK
layer2_backend,TWN,Chinese Taipei,FIN,Finland,961043490,5.380491547681907e-4,OECD_BTIGE,1,20.683530221893896,TWN,FIN
layer2_backend,TWN,Chinese Taipei,FRA,France,4568962562,0.0025579762729068664,OECD_BTIGE,1,22.242552005797325,TWN,FRA
layer2_backend,TWN,Chinese Taipei,IND,India,12981748619,0.007267952953789924,OECD_BTIGE,1,23.286810255635807,TWN,IND
layer2_backend,TWN,Chinese Taipei,IRL,Ireland,1841774995,0.001031134896229242,OECD_BTIGE,1,21.333995615309675,TWN,IRL
layer2_backend,TWN,Chinese Taipei,ISR,Israel,3058423910,0.0017122871304172977,OECD_BTIGE,1,21.84116555845612,TWN,ISR
layer2_backend,TWN,Chinese Taipei,JPN,Japan,101897537185,0.05704828587450245,OECD_BTIGE,1,25.347233607952692,TWN,JPN
layer2_backend,TWN,Chinese Taipei,KOR,Korea,76226742757,0.04267625236308104,OECD_BTIGE,1,25.056978192898168,TWN,KOR
layer2_backend,TWN,Chinese Taipei,MYS,Malaysia,56896091116,0.031853806880870465,OECD_BTIGE,1,24.7644924783024,TWN,MYS
layer2_backend,TWN,Chinese Taipei,NLD,Netherlands,20464196221,0.011457070979919392,OECD_BTIGE,1,23.7419426703804,TWN,NLD
layer2_backend,TWN,Chinese Taipei,NOR,Norway,530061006,2.9675959435912405e-4,OECD_BTIGE,1,20.088502665433246,TWN,NOR
layer2_backend,TWN,Chinese Taipei,SGP,Singapore,103739280206,0.05807940286978979,OECD_BTIGE,1,25.365146667412976,TWN,SGP
layer2_backend,TWN,Chinese Taipei,SWE,Sweden,1813117968,0.0010150909925808035,OECD_BTIGE,1,21.318313834997195,TWN,SWE
layer2_backend,TWN,Chinese Taipei,USA,United States,173160068214,0.09694527803538314,OECD_BTIGE,1,25.877482253462134,TWN,USA
layer2_backend,TWN,Chinese Taipei,VNM,Viet Nam,35923554901,0.02011213701759922,OECD_BTIGE,1,24.304659042688378,TWN,VNM
layer2_backend,USA,USA,AUT,Austria,67387900,0.0011170438503843507,Comtrade,1,18.025976049382862,USA,AUT
layer2_backend,USA,USA,BEL,Belgium,83761633,0.003652468967560188,Comtrade,1,18.243485632454707,USA,BEL
layer2_backend,USA,USA,CAN,Canada,1981729682,0.07452368785479908,Comtrade,1,21.40723587757903,USA,CAN
layer2_backend,USA,USA,CHE,Switzerland,107074268,0.0025386059015163774,Comtrade,1,18.48903325445198,USA,CHE
layer2_backend,USA,USA,CHN,China,10409233492,0.11445881546344729,Comtrade,1,23.065959085065984,USA,CHN
layer2_backend,USA,USA,CZE,Czechia,314080164,0.004221115837914124,Comtrade,1,19.56515881383615,USA,CZE
layer2_backend,USA,USA,DEU,Germany,1628037498,0.03394196070285607,Comtrade,1,21.21064113804527,USA,DEU
layer2_backend,USA,USA,DNK,Denmark,54241893,6.084218643694747e-4,Comtrade,1,17.80896411986582,USA,DNK
layer2_backend,USA,USA,FIN,Finland,35039317,9.346233319411168e-4,Comtrade,1,17.37198136037273,USA,FIN
layer2_backend,USA,USA,FRA,France,641537840,0.02609473308962235,Comtrade,1,20.279378728588874,USA,FRA
layer2_backend,USA,USA,GBR,United Kingdom,632138738,0.02556319265879575,Comtrade,1,20.2646194517535,USA,GBR
layer2_backend,USA,USA,HKG,"China, Hong Kong SAR",3617465177,0.06752150937165412,Comtrade,1,22.009039390438787,USA,HKG
layer2_backend,USA,USA,HUN,Hungary,317386883,0.006484878907754615,Comtrade,1,19.575632041951337,USA,HUN
layer2_backend,USA,USA,IND,India,321488501,0.01578567654710635,Comtrade,1,19.58847233739433,USA,IND
layer2_backend,USA,USA,IRL,Ireland,1080724907,0.008902415408777559,Comtrade,1,20.800897864032223,USA,IRL
layer2_backend,USA,USA,ISR,Israel,1307133219,0.009819477859180359,Comtrade,1,20.991102194473754,USA,ISR
layer2_backend,USA,USA,ITA,Italy,239861237,0.009832659892330294,Comtrade,1,19.295571139098648,USA,ITA
layer2_backend,USA,USA,JPN,Japan,1109547010,0.04627024454060168,Comtrade,1,20.827217670777724,USA,JPN
layer2_backend,USA,USA,KOR,Rep. of Korea,2121141842,0.021591876993555737,Comtrade,1,21.4752203858233,USA,KOR
layer2_backend,USA,USA,MEX,Mexico,17156003802,0.29034247476492686,Comtrade,1,23.56561402527274,USA,MEX
layer2_backend,USA,USA,MYS,Malaysia,4825131565,0.06076779569047998,Comtrade,1,22.297103838930376,USA,MYS
layer2_backend,USA,USA,NLD,Netherlands,842187100,0.015285960900748907,Comtrade,1,20.551512757735345,USA,NLD
layer2_backend,USA,USA,NOR,Norway,22611664,5.018833467521509e-4,Comtrade,1,16.93397648152517,USA,NOR
layer2_backend,USA,USA,PHL,Philippines,1459031450,0.019332539384516272,Comtrade,1,21.1010386628003,USA,PHL
layer2_backend,USA,USA,SGP,Singapore,1434204651,0.03914742770786751,Comtrade,1,21.083876283027625,USA,SGP
layer2_backend,USA,USA,SWE,Sweden,126502917,0.008025964278482043,Comtrade,1,18.65577593305948,USA,SWE
layer2_backend,USA,USA,THA,Thailand,1014508251,0.020616966995180935,Comtrade,1,20.737669851253248,USA,THA
layer2_backend,USA,USA,VNM,Viet Nam,769825665,0.007703358063998983,Comtrade,1,20.46167463938568,USA,VNM
layer2_backend,USA,United States,TWN,Chinese Taipei,111478343203,0.06241218941645651,OECD_BTIGE,1,25.437096177626973,USA,TWN
layer2_backend,VNM,Viet Nam,CAN,Canada,8043147.814,2.4809781471257726e-5,Comtrade,1,15.900331208015178,VNM,CAN
layer2_backend,VNM,Viet Nam,CHE,Switzerland,21316935.6,6.575392198466368e-5,Comtrade,1,16.875012460258823,VNM,CHE
layer2_backend,VNM,Viet Nam,CHN,China,6854071167.088,0.0265952774594268,Comtrade,1,22.648108643783498,VNM,CHN
layer2_backend,VNM,Viet Nam,DEU,Germany,18596983.263,8.459982556717691e-4,Comtrade,1,16.738509989140052,VNM,DEU
layer2_backend,VNM,Viet Nam,FIN,Finland,2558670.49,7.222470221492299e-5,Comtrade,1,14.754998732536245,VNM,FIN
layer2_backend,VNM,Viet Nam,FRA,France,1741799.62,5.3727307937448965e-6,Comtrade,1,14.370429975194325,VNM,FRA
layer2_backend,VNM,Viet Nam,GBR,United Kingdom,2786037.644,8.593772825861151e-6,Comtrade,1,14.840131304008173,VNM,GBR
layer2_backend,VNM,Viet Nam,HKG,"China, Hong Kong SAR",2594804480.8669996,0.020714411080702842,Comtrade,1,21.67677700655118,VNM,HKG
layer2_backend,VNM,Viet Nam,HUN,Hungary,3547149.792,9.361093595309182e-5,Comtrade,1,15.08165524539794,VNM,HUN
layer2_backend,VNM,Viet Nam,IND,India,194092217.489,0.002551220413253373,Comtrade,1,19.08384395711922,VNM,IND
layer2_backend,VNM,Viet Nam,ISR,Israel,22062609.13,6.805401614630522e-5,Comtrade,1,16.909394884373377,VNM,ISR
layer2_backend,VNM,Viet Nam,ITA,Italy,1241607.847,5.341840603905833e-6,Comtrade,1,14.031918553868953,VNM,ITA
layer2_backend,VNM,Viet Nam,JPN,Japan,249324638.59800002,0.003774778635497024,Comtrade,1,19.33426637874028,VNM,JPN
layer2_backend,VNM,Viet Nam,KOR,Rep. of Korea,720872268.572,0.01297394575741628,Comtrade,1,20.395972522234622,VNM,KOR
layer2_backend,VNM,Viet Nam,MEX,Mexico,51230108.246,1.827592527961133e-4,Comtrade,1,17.75183798837456,VNM,MEX
layer2_backend,VNM,Viet Nam,MYS,Malaysia,522005188.911,0.0019304875300811544,Comtrade,1,20.073188088155725,VNM,MYS
layer2_backend,VNM,Viet Nam,NLD,Netherlands,414090103.31,0.0012772965523087222,Comtrade,1,19.8415941513696,VNM,NLD
layer2_backend,VNM,Viet Nam,PHL,Philippines,12190061.845,5.244600175899521e-5,Comtrade,1,16.316131656899458,VNM,PHL
layer2_backend,VNM,Viet Nam,SGP,Singapore,623456723.356,0.002416266825257911,Comtrade,1,20.250789913066885,VNM,SGP
layer2_backend,VNM,Viet Nam,THA,Thailand,46402809.835,8.632751149159071e-4,Comtrade,1,17.652870593702207,VNM,THA
layer2_backend,VNM,Viet Nam,TWN,Chinese Taipei,17027173621,0.009532821844379055,OECD_BTIGE,1,23.558076353196736,VNM,TWN
layer2_backend,VNM,Viet Nam,USA,USA,646204018.853,0.0056876298048342,Comtrade,1,20.286625832092056,VNM,USA
